START_ID,END_ID
0c2d3b28d48426b8b72f7214a7708ba8b4efa9d6,02761515-778b-4e96-8cce-6f7fdaba4e2b
0c2d3b28d48426b8b72f7214a7708ba8b4efa9d6,bef303ef-4b58-433f-8f44-7f60abefc48f
fa5853fdef7d2f6bb68203d187ddacbbddc63a8b,68457171-0d78-43a6-90dc-ab592f2a06cb
4c6e31458b0b44c1e8bd6e58f7d7e0767f7fde44,cfbb2021-2292-4c55-b9b6-2f81a8ca58d9
3569c79cf90b203325dd7b8f6c30bacc60f5d30e,bef303ef-4b58-433f-8f44-7f60abefc48f
3569c79cf90b203325dd7b8f6c30bacc60f5d30e,cfbb2021-2292-4c55-b9b6-2f81a8ca58d9
7282f5c9d84cd47c516a6a66c5a6b8f1e2cf44b6,cfbb2021-2292-4c55-b9b6-2f81a8ca58d9
d737e2d326519ab3ba5da17441e073ba1c7a3ef5,cfbb2021-2292-4c55-b9b6-2f81a8ca58d9
4ce46acc4a40038b02014c1bbce3e451586ebe05,bef303ef-4b58-433f-8f44-7f60abefc48f
0b1d429110757c1a9deb27fb8568740182dc1679,bef303ef-4b58-433f-8f44-7f60abefc48f
0b1d429110757c1a9deb27fb8568740182dc1679,1735a835-72a4-43b3-977b-7dd9c8e923fb
040d94340f742f522ceddb31f31fb9c9b4c23cfd,02761515-778b-4e96-8cce-6f7fdaba4e2b
dd45dc3767230b70197420e1523dc0f1d7930f80,cfbb2021-2292-4c55-b9b6-2f81a8ca58d9
0b5b33b7ea1dc12f3e9252ac1852170a6a6775bf,cfbb2021-2292-4c55-b9b6-2f81a8ca58d9
0b5b33b7ea1dc12f3e9252ac1852170a6a6775bf,bef303ef-4b58-433f-8f44-7f60abefc48f
1ba044d3d501dddd94b479aa9dbe55a93bfa9d5f,cfbb2021-2292-4c55-b9b6-2f81a8ca58d9
ede0a8039a561905f40777ec2ae66c2010e3f2bc,cfbb2021-2292-4c55-b9b6-2f81a8ca58d9
ab8ba0f2d290a8e56eb61e10027d0b2e57d2d544,cfbb2021-2292-4c55-b9b6-2f81a8ca58d9
ab8ba0f2d290a8e56eb61e10027d0b2e57d2d544,65a8f598-0d86-4b70-a3ad-6a3a9715c4e3
2968bab109c9a1660260126a07da1af4140eb6ae,cfbb2021-2292-4c55-b9b6-2f81a8ca58d9
72d3ddf1f7210d7e70144bbc09f770ec411fe909,cfbb2021-2292-4c55-b9b6-2f81a8ca58d9
72d3ddf1f7210d7e70144bbc09f770ec411fe909,65a8f598-0d86-4b70-a3ad-6a3a9715c4e3
0751d2fa3a54cbbb4d594f2ee47c3aa7e4003a24,cfbb2021-2292-4c55-b9b6-2f81a8ca58d9
8bba999de25bfb288b3f7f88e1d907aab02638b6,60352853-fc5b-4669-bd6f-d93829e49a6c
8bba999de25bfb288b3f7f88e1d907aab02638b6,c241e8c0-fe1d-4097-979d-2a090733567e
8bba999de25bfb288b3f7f88e1d907aab02638b6,bef303ef-4b58-433f-8f44-7f60abefc48f
8bba999de25bfb288b3f7f88e1d907aab02638b6,68457171-0d78-43a6-90dc-ab592f2a06cb
8bba999de25bfb288b3f7f88e1d907aab02638b6,cfbb2021-2292-4c55-b9b6-2f81a8ca58d9
2d6adb9636df5a8a5dbcbfaecd0c4d34d7c85034,cfbb2021-2292-4c55-b9b6-2f81a8ca58d9
2d6adb9636df5a8a5dbcbfaecd0c4d34d7c85034,65a8f598-0d86-4b70-a3ad-6a3a9715c4e3
2d6adb9636df5a8a5dbcbfaecd0c4d34d7c85034,02761515-778b-4e96-8cce-6f7fdaba4e2b
f42c69dbd792155fee6f4d2c525971f8d43f138b,cfbb2021-2292-4c55-b9b6-2f81a8ca58d9
f42c69dbd792155fee6f4d2c525971f8d43f138b,bef303ef-4b58-433f-8f44-7f60abefc48f
82620503cacf8ff6f8f3490e7bdf7508f1ab2021,cfbb2021-2292-4c55-b9b6-2f81a8ca58d9
82620503cacf8ff6f8f3490e7bdf7508f1ab2021,65a8f598-0d86-4b70-a3ad-6a3a9715c4e3
12f62537251cf8eb76fa11c59df68d2211008898,02761515-778b-4e96-8cce-6f7fdaba4e2b
12f62537251cf8eb76fa11c59df68d2211008898,cfbb2021-2292-4c55-b9b6-2f81a8ca58d9
a4b6f802b3f416fb1af6d723e0549c5e6d34faae,cfbb2021-2292-4c55-b9b6-2f81a8ca58d9
deb4e0c46f2e389ec5e4528f9dcee643bb6a15fa,cfbb2021-2292-4c55-b9b6-2f81a8ca58d9
deb4e0c46f2e389ec5e4528f9dcee643bb6a15fa,65a8f598-0d86-4b70-a3ad-6a3a9715c4e3
0669286d8d4ca8ec2fdf16b7813157c21eb690be,cfbb2021-2292-4c55-b9b6-2f81a8ca58d9
0669286d8d4ca8ec2fdf16b7813157c21eb690be,bef303ef-4b58-433f-8f44-7f60abefc48f
5b9ea2abf1c5a04b3024367409284edceb741ef2,cfbb2021-2292-4c55-b9b6-2f81a8ca58d9
648ba966b63975c6859e1948ae3ddc30053884e4,cfbb2021-2292-4c55-b9b6-2f81a8ca58d9
d83a99bfb6f81565a186e0eb86858864568c1327,cfbb2021-2292-4c55-b9b6-2f81a8ca58d9
4b5505a54799d796ae94115409b01ee33a7e2b20,bef303ef-4b58-433f-8f44-7f60abefc48f
41cf91ee13a1d15983ede066ddf6b67cc94a41f4,02761515-778b-4e96-8cce-6f7fdaba4e2b
79be83a308a9a75ef4e64f63a938b201531c0bbf,cfbb2021-2292-4c55-b9b6-2f81a8ca58d9
b017bf6879e57077b4b4e180a02747b89878d7a1,cfbb2021-2292-4c55-b9b6-2f81a8ca58d9
b017bf6879e57077b4b4e180a02747b89878d7a1,65a8f598-0d86-4b70-a3ad-6a3a9715c4e3
c016852106ac787678105fd9dd22e57ba620517c,cfbb2021-2292-4c55-b9b6-2f81a8ca58d9
c016852106ac787678105fd9dd22e57ba620517c,bef303ef-4b58-433f-8f44-7f60abefc48f
c016852106ac787678105fd9dd22e57ba620517c,bbc0294d-ad81-4461-b09d-e7399e8dad16
b85ac20631159ca3e370afa9c1f81a4618242b4f,ed6c391a-6561-4ce2-a7e1-470697f33403
05ceac747bec286129818e9e2fbd37ef034f5ada,cfbb2021-2292-4c55-b9b6-2f81a8ca58d9
62a9d4f1763c5071cb2476c100614ba9741f036b,68457171-0d78-43a6-90dc-ab592f2a06cb
d88d39dd9c910105e7503aa43698c806d42d5198,cfbb2021-2292-4c55-b9b6-2f81a8ca58d9
9246a5249d05d160d20db8f165a4cac08c93e355,1735a835-72a4-43b3-977b-7dd9c8e923fb
3bef85eb5c6d2697f8c4a01fe247e19ed3e85e6a,60352853-fc5b-4669-bd6f-d93829e49a6c
398b154013db9d8025bf60f910bc156dedd9b40e,cfbb2021-2292-4c55-b9b6-2f81a8ca58d9
a11e157cb828b800426223f0a3d79e8fb122c8cc,cfbb2021-2292-4c55-b9b6-2f81a8ca58d9
8ece479b5dfed4727d2d9b9763f777bb9a94096e,bbc0294d-ad81-4461-b09d-e7399e8dad16
8ece479b5dfed4727d2d9b9763f777bb9a94096e,cfbb2021-2292-4c55-b9b6-2f81a8ca58d9
3b16bcb226bb1c87a6e63e0658be30067ed03f57,cfbb2021-2292-4c55-b9b6-2f81a8ca58d9
27b9d1182e913decc7ef6a3509245fa6b6fd509d,bef303ef-4b58-433f-8f44-7f60abefc48f
27b9d1182e913decc7ef6a3509245fa6b6fd509d,cfbb2021-2292-4c55-b9b6-2f81a8ca58d9
27b9d1182e913decc7ef6a3509245fa6b6fd509d,65a8f598-0d86-4b70-a3ad-6a3a9715c4e3
e2055b85dab66c922ccf25a28046e8e559074824,cfbb2021-2292-4c55-b9b6-2f81a8ca58d9
89f41c87c8849ce37e609c1010087291a4679a37,8233227a-b623-4321-9f69-1d99a32416c2
89f41c87c8849ce37e609c1010087291a4679a37,bef303ef-4b58-433f-8f44-7f60abefc48f
1ec4d0e29455e47245edaa17368257df3efb6562,cfbb2021-2292-4c55-b9b6-2f81a8ca58d9
f9e0e85732f0736c0d5a6f0c63df5c7f1f245dcd,bef303ef-4b58-433f-8f44-7f60abefc48f
678da221aa156807bc2c191ed5f4bcbb0b25d421,cfbb2021-2292-4c55-b9b6-2f81a8ca58d9
129a5609d4b00ae86f583ffbc1b3680234601b46,cfbb2021-2292-4c55-b9b6-2f81a8ca58d9
129a5609d4b00ae86f583ffbc1b3680234601b46,bef303ef-4b58-433f-8f44-7f60abefc48f
0c86e8d19d0fc62a5f829ea625ffd3e7fa9551b9,cfbb2021-2292-4c55-b9b6-2f81a8ca58d9
0c86e8d19d0fc62a5f829ea625ffd3e7fa9551b9,bef303ef-4b58-433f-8f44-7f60abefc48f
5c8b7127ad0b5257f81ce1aa70b89faa97bbc211,68457171-0d78-43a6-90dc-ab592f2a06cb
e564e3656395782d0ab9f801bfbe9f9f1a5d34a7,cfbb2021-2292-4c55-b9b6-2f81a8ca58d9
590ead4aeddbf8fea8414998b2dc3b74576a71cb,cfbb2021-2292-4c55-b9b6-2f81a8ca58d9
2081ed6854290a479f796f2432c7951ff24232fe,cfbb2021-2292-4c55-b9b6-2f81a8ca58d9
2081ed6854290a479f796f2432c7951ff24232fe,22988bc0-06db-4c94-9d81-15d2bdb044ae
005cb0304960c5249579f3aa39a47e2cb164c0b6,1735a835-72a4-43b3-977b-7dd9c8e923fb
005cb0304960c5249579f3aa39a47e2cb164c0b6,bef303ef-4b58-433f-8f44-7f60abefc48f
e799d31e1c2d80a971c1f956d62b98c0a9f27031,22988bc0-06db-4c94-9d81-15d2bdb044ae
e799d31e1c2d80a971c1f956d62b98c0a9f27031,cfbb2021-2292-4c55-b9b6-2f81a8ca58d9
f56425ec56586dcfd2694ab83643e9e76f314e91,02761515-778b-4e96-8cce-6f7fdaba4e2b
eaa3bbe9e3c52781fd84149d8ee6e2670c90e5ec,cfbb2021-2292-4c55-b9b6-2f81a8ca58d9
f670069c81466f625d1d9a315e8cb419a79f2590,02761515-778b-4e96-8cce-6f7fdaba4e2b
0e23ff1f915b6af32bf1a1107ee7e15ebe10efe8,02761515-778b-4e96-8cce-6f7fdaba4e2b
702cd9a7a128706b8a6ec88e7424e06c326021e5,ec73bc80-6567-42d9-ada1-f50287670414
c0b1eedfa2031a69fbdf02a4abc8a741faf6a912,65a8f598-0d86-4b70-a3ad-6a3a9715c4e3
a9e447d4d6b91f75ac4d8e336c609cfcbcbcfc0a,bbc0294d-ad81-4461-b09d-e7399e8dad16
2ab2796390ac12df283e218907ed0ffef232dbc7,22988bc0-06db-4c94-9d81-15d2bdb044ae
d6801d0ffd08ba56bccfa01884bb6a126f99de2e,bef303ef-4b58-433f-8f44-7f60abefc48f
d6801d0ffd08ba56bccfa01884bb6a126f99de2e,f988f246-bfe3-4e93-ab7e-aeafbcd02ff3
8d446e7af03d7c7f9fe5828b2d9939e23a3ed7b0,cfbb2021-2292-4c55-b9b6-2f81a8ca58d9
747359803e9a734fa4f1338a83121a942f3da60e,60352853-fc5b-4669-bd6f-d93829e49a6c
863a35bdd1ae803491801e283c2ae79fe973cf68,bef303ef-4b58-433f-8f44-7f60abefc48f
863a35bdd1ae803491801e283c2ae79fe973cf68,cfbb2021-2292-4c55-b9b6-2f81a8ca58d9
4f0218eb9ed62d5acc03f02bfa24b388a66067e8,cfbb2021-2292-4c55-b9b6-2f81a8ca58d9
4f0218eb9ed62d5acc03f02bfa24b388a66067e8,65a8f598-0d86-4b70-a3ad-6a3a9715c4e3
bb44d1472bb281c699ef556f6eb6ccc66889f2d3,bef303ef-4b58-433f-8f44-7f60abefc48f
da1de6fa2d15e50c9e96811217e27a66313bd762,65a8f598-0d86-4b70-a3ad-6a3a9715c4e3
da1de6fa2d15e50c9e96811217e27a66313bd762,cfbb2021-2292-4c55-b9b6-2f81a8ca58d9
daec8baf1740a09725b375729d95caebc42f61c8,cfbb2021-2292-4c55-b9b6-2f81a8ca58d9
bf12943b1862cbdf556ba1ddcdbc685d4f38a6c3,cfbb2021-2292-4c55-b9b6-2f81a8ca58d9
fb566f2001e44a65433fb7cc2eb7bcf6513a7db8,02761515-778b-4e96-8cce-6f7fdaba4e2b
08468bac470e5c2cbbd2b66e8e7cf2ab65f38e02,ed6c391a-6561-4ce2-a7e1-470697f33403
46f1c45c62b7dbf77af405f5ddcf137b5e1ddde9,cfbb2021-2292-4c55-b9b6-2f81a8ca58d9
4aeda303fa0b9beae3f6d65e052dace9d4540116,cfbb2021-2292-4c55-b9b6-2f81a8ca58d9
36708c11c2fde2efb50e75d81f174b2c205082c8,f988f246-bfe3-4e93-ab7e-aeafbcd02ff3
e8547557eeea9c9a334edfc4bfa4bbe3774e24d5,68457171-0d78-43a6-90dc-ab592f2a06cb
e8547557eeea9c9a334edfc4bfa4bbe3774e24d5,bef303ef-4b58-433f-8f44-7f60abefc48f
ffdb6039a5d82f8edd70b2d177074c2f2c89e97f,ed6c391a-6561-4ce2-a7e1-470697f33403
ffdb6039a5d82f8edd70b2d177074c2f2c89e97f,cfbb2021-2292-4c55-b9b6-2f81a8ca58d9
305600f3cba8a63bad1bedeab34a299bf748754b,cfbb2021-2292-4c55-b9b6-2f81a8ca58d9
e1c8f86668d3e37e430f187b7fd91d1643a0a0ff,cfbb2021-2292-4c55-b9b6-2f81a8ca58d9
e1c8f86668d3e37e430f187b7fd91d1643a0a0ff,65a8f598-0d86-4b70-a3ad-6a3a9715c4e3
0a4b3c33e830d8cde364443a52e673c2c07dcfe8,cfbb2021-2292-4c55-b9b6-2f81a8ca58d9
260ef5a455afcb8d052866bdf2fb28996ab8bbad,cfbb2021-2292-4c55-b9b6-2f81a8ca58d9
2146edb37621d80f53c1261c8a53c94d3dda84c8,cfbb2021-2292-4c55-b9b6-2f81a8ca58d9
577564ac25a12b37972d77a35b589f6b2270a45f,bef303ef-4b58-433f-8f44-7f60abefc48f
a2d7efb8b174702111e713765cbf741dff2bf9b8,68457171-0d78-43a6-90dc-ab592f2a06cb
140a6476f7b8dde9e7bbcd199d248fc629721faa,22988bc0-06db-4c94-9d81-15d2bdb044ae
140a6476f7b8dde9e7bbcd199d248fc629721faa,cfbb2021-2292-4c55-b9b6-2f81a8ca58d9
6e8d94181832771bc5dca8d288c52b6ad5914029,22988bc0-06db-4c94-9d81-15d2bdb044ae
6bf9d589f80823735084956f056728ae1a7bcfa8,cfbb2021-2292-4c55-b9b6-2f81a8ca58d9
e4c66275e46a66586365c851f0974a3c88baf3d7,cfbb2021-2292-4c55-b9b6-2f81a8ca58d9
e4c66275e46a66586365c851f0974a3c88baf3d7,bef303ef-4b58-433f-8f44-7f60abefc48f
f968cdd4637e7b26ca6c057a2f7f593b8cea2d18,ec73bc80-6567-42d9-ada1-f50287670414
bf90a04b8c9a7752bab8cb50c8796393218627d2,cfbb2021-2292-4c55-b9b6-2f81a8ca58d9
a1dbdc2ce338d694a720163f591e4eb5c4070140,cfbb2021-2292-4c55-b9b6-2f81a8ca58d9
7e6bac4de2adda5f5e993644126d8cbdf6839f39,ed6c391a-6561-4ce2-a7e1-470697f33403
3335c340c20609b4e6de481c9eaf67ecd6c960dc,cfbb2021-2292-4c55-b9b6-2f81a8ca58d9
9b54c9a7d2060f800961c2f9195fcf5408288f17,cfbb2021-2292-4c55-b9b6-2f81a8ca58d9
b154d9ce0a551be90557d7a24a49b1988add2a81,cfbb2021-2292-4c55-b9b6-2f81a8ca58d9
b154d9ce0a551be90557d7a24a49b1988add2a81,65a8f598-0d86-4b70-a3ad-6a3a9715c4e3
5a44f70130875b212452ad777ab02a4eb5cd35d9,bef303ef-4b58-433f-8f44-7f60abefc48f
5a44f70130875b212452ad777ab02a4eb5cd35d9,22988bc0-06db-4c94-9d81-15d2bdb044ae
55bdaa9d27ed595e2ccf34b3a7847020cc9c946c,cfbb2021-2292-4c55-b9b6-2f81a8ca58d9
27e57cc2f22c1921d2a1c3954d5062e3fe391553,cfbb2021-2292-4c55-b9b6-2f81a8ca58d9
72910077a29caf411dbb03148997c72b47e65ab0,cfbb2021-2292-4c55-b9b6-2f81a8ca58d9
72910077a29caf411dbb03148997c72b47e65ab0,02761515-778b-4e96-8cce-6f7fdaba4e2b
d0bc1501ae6f54dd16534e651d90d2aeeeb1cfc1,cfbb2021-2292-4c55-b9b6-2f81a8ca58d9
81dbfc1bc890368979399874e47e0529ddceaece,02761515-778b-4e96-8cce-6f7fdaba4e2b
f70b2f20be241f445a61f33c4b8e76e554760340,cfbb2021-2292-4c55-b9b6-2f81a8ca58d9
0961e2650b3a62a1d198a046bef5f0700ab8c08f,cfbb2021-2292-4c55-b9b6-2f81a8ca58d9
76e4f5abeb4ad28d1f16c15771aa87241a3ee96d,cfbb2021-2292-4c55-b9b6-2f81a8ca58d9
849a6be5adf1b9a2b6e59ba0290bca06692c0efd,cfbb2021-2292-4c55-b9b6-2f81a8ca58d9
75f3726a39b563c9890fb8ed7dd393da15ad6594,cfbb2021-2292-4c55-b9b6-2f81a8ca58d9
130862d54894966552cb85d3ee6f739f885d4989,cfbb2021-2292-4c55-b9b6-2f81a8ca58d9
2bd576ce574df33c834b6032962cd5ae0be5299f,cfbb2021-2292-4c55-b9b6-2f81a8ca58d9
2bd576ce574df33c834b6032962cd5ae0be5299f,02761515-778b-4e96-8cce-6f7fdaba4e2b
947b29eb3cde8ccb8df9342bb2384ec480ea3964,cfbb2021-2292-4c55-b9b6-2f81a8ca58d9
21c6beb2a6df81f424e3d1283fbb9cc3157a3115,cfbb2021-2292-4c55-b9b6-2f81a8ca58d9
a963d05b9d4acd347ad528e7d098eb53d8f555a2,cfbb2021-2292-4c55-b9b6-2f81a8ca58d9
e28bdc373de80d7ec0e64631a89e64fbdcdae230,cfbb2021-2292-4c55-b9b6-2f81a8ca58d9
247e2ee1a84e25cdc2d0d68811e2ee05ca0bc6a9,cfbb2021-2292-4c55-b9b6-2f81a8ca58d9
f463018624b6f4b8dd576732b6cce36e31bac978,cfbb2021-2292-4c55-b9b6-2f81a8ca58d9
967f4eb786aa143b7eb09f00d9ba8ddfe44e039f,cfbb2021-2292-4c55-b9b6-2f81a8ca58d9
bca7c0902f600fa77b1e16d0e093e23f7d75f649,cfbb2021-2292-4c55-b9b6-2f81a8ca58d9
ed0759b7001f8be53bb4282750e98198b359307d,cfbb2021-2292-4c55-b9b6-2f81a8ca58d9
ed0759b7001f8be53bb4282750e98198b359307d,02761515-778b-4e96-8cce-6f7fdaba4e2b
fb2bb5777f1b1bd745070c006265edf8feb5f29f,cfbb2021-2292-4c55-b9b6-2f81a8ca58d9
30b71975e26dd2709f58372419b712d97536402f,cfbb2021-2292-4c55-b9b6-2f81a8ca58d9
51b502b9ce774a615474ed8629e74d0dfaa33ee3,cfbb2021-2292-4c55-b9b6-2f81a8ca58d9
6f58d8b98c652897842afdd023c535f9724b4eb2,cfbb2021-2292-4c55-b9b6-2f81a8ca58d9
6e1cafd50333b3812bf002a51bcb1f720e35b7ed,cfbb2021-2292-4c55-b9b6-2f81a8ca58d9
843964eecc10b28eff53f2d4a9db4e112a38e94e,cfbb2021-2292-4c55-b9b6-2f81a8ca58d9
cc3d1830b5220b68d8e785130e4b0d5ab7563d67,cfbb2021-2292-4c55-b9b6-2f81a8ca58d9
a75965753906c24a6a5715a695757a0de8447f26,cfbb2021-2292-4c55-b9b6-2f81a8ca58d9
11de94b684fa2eb4dffe4b99d959888382c6abfb,cfbb2021-2292-4c55-b9b6-2f81a8ca58d9
11ebce51f6b0a901948953a024abf1cdb9111f3f,cfbb2021-2292-4c55-b9b6-2f81a8ca58d9
bccd2ffa530097e7617c35178de641f1295d2748,cfbb2021-2292-4c55-b9b6-2f81a8ca58d9
2b19768afa6fbf5abb19790cd1ee991574129933,cfbb2021-2292-4c55-b9b6-2f81a8ca58d9
2b19768afa6fbf5abb19790cd1ee991574129933,02761515-778b-4e96-8cce-6f7fdaba4e2b
3f0b37f26829684b8417309577d77f3af6534707,cfbb2021-2292-4c55-b9b6-2f81a8ca58d9
bcc7041e0fb7717a7d67a9c00e08b7fb81384cbf,cfbb2021-2292-4c55-b9b6-2f81a8ca58d9
8fe2f59ff3733f9ee50ffa295beda502f4e268e2,cfbb2021-2292-4c55-b9b6-2f81a8ca58d9
63b8ebfe57af400c8bbadc5c111cb5fe71f331bd,02761515-778b-4e96-8cce-6f7fdaba4e2b
63b8ebfe57af400c8bbadc5c111cb5fe71f331bd,cfbb2021-2292-4c55-b9b6-2f81a8ca58d9
ae8afd0a805b8e117b5cf933e6d0cccfc178ad63,ec73bc80-6567-42d9-ada1-f50287670414
24359b0a34715df2179e084285c16a10f997a145,cfbb2021-2292-4c55-b9b6-2f81a8ca58d9
261043d80a2a66044e1ee0eaee46c7331687afa4,cfbb2021-2292-4c55-b9b6-2f81a8ca58d9
f9a9f3f016fa3123c3059cca66314d26f2357155,cfbb2021-2292-4c55-b9b6-2f81a8ca58d9
0a5d358e643f46f5a5d20892417260800cccc345,cfbb2021-2292-4c55-b9b6-2f81a8ca58d9
0a5d358e643f46f5a5d20892417260800cccc345,02761515-778b-4e96-8cce-6f7fdaba4e2b
3041a9265afb2ebdb4915aa9572668bb7f32b0ef,cfbb2021-2292-4c55-b9b6-2f81a8ca58d9
9a9643601989088ace41382b3c1cc61e1b4d5633,cfbb2021-2292-4c55-b9b6-2f81a8ca58d9
9a9643601989088ace41382b3c1cc61e1b4d5633,02761515-778b-4e96-8cce-6f7fdaba4e2b
c176cf31862a7c5b324556e8dc3fdbef2a108391,02761515-778b-4e96-8cce-6f7fdaba4e2b
c176cf31862a7c5b324556e8dc3fdbef2a108391,cfbb2021-2292-4c55-b9b6-2f81a8ca58d9
9579ed0d182ba134ab3ed14ba0defbb324147399,02761515-778b-4e96-8cce-6f7fdaba4e2b
9579ed0d182ba134ab3ed14ba0defbb324147399,cfbb2021-2292-4c55-b9b6-2f81a8ca58d9
819f36c0ddae12132d60ebc5cc0a19f7db8668b1,cfbb2021-2292-4c55-b9b6-2f81a8ca58d9
819f36c0ddae12132d60ebc5cc0a19f7db8668b1,bbc0294d-ad81-4461-b09d-e7399e8dad16
0c2faa3d1403f94da644853b1f33f976fab1da0b,60352853-fc5b-4669-bd6f-d93829e49a6c
d1cc35e2a547ba79f1b07fdd81ee0da264c0d6b6,cfbb2021-2292-4c55-b9b6-2f81a8ca58d9
7e991438547d69c1001b7664cd60a68d4dbc4023,cfbb2021-2292-4c55-b9b6-2f81a8ca58d9
64cc4ef5def3919049bdd3a645af198922d626c2,cfbb2021-2292-4c55-b9b6-2f81a8ca58d9
cdc5bf80451d1f447cf82e5c37fec8089b1e6878,02761515-778b-4e96-8cce-6f7fdaba4e2b
cdc5bf80451d1f447cf82e5c37fec8089b1e6878,cfbb2021-2292-4c55-b9b6-2f81a8ca58d9
0e50bf23cb16ba66e738d88f0fffab75c338e02a,cfbb2021-2292-4c55-b9b6-2f81a8ca58d9
0e50bf23cb16ba66e738d88f0fffab75c338e02a,02761515-778b-4e96-8cce-6f7fdaba4e2b
4099f2b7a9282e3be30076f2532008e6caeb1c13,cfbb2021-2292-4c55-b9b6-2f81a8ca58d9
266aa9741c6559af0c6dcee2e1947ced0385b4bd,02761515-778b-4e96-8cce-6f7fdaba4e2b
ec59569fdee17844ae071be1536a08f937f08c57,cfbb2021-2292-4c55-b9b6-2f81a8ca58d9
ec59569fdee17844ae071be1536a08f937f08c57,02761515-778b-4e96-8cce-6f7fdaba4e2b
27c9101fa2f41ce15100f0f07802bb656eda50ad,cfbb2021-2292-4c55-b9b6-2f81a8ca58d9
12248c8cd5ba1f2594e2bcf4c3b4e8ddd10d13c7,cfbb2021-2292-4c55-b9b6-2f81a8ca58d9
564614da76b5d9020c700b78e1fe154bd590c47d,cfbb2021-2292-4c55-b9b6-2f81a8ca58d9
564614da76b5d9020c700b78e1fe154bd590c47d,02761515-778b-4e96-8cce-6f7fdaba4e2b
b681cd520e9b2c4e2c96dda31d09b51edcf28e32,02761515-778b-4e96-8cce-6f7fdaba4e2b
5602cbe797d20b17edfd08b3dc94622c842fbe80,cfbb2021-2292-4c55-b9b6-2f81a8ca58d9
a717f569c788ae23a3c0d2d6a18b109590a119c8,cfbb2021-2292-4c55-b9b6-2f81a8ca58d9
a717f569c788ae23a3c0d2d6a18b109590a119c8,02761515-778b-4e96-8cce-6f7fdaba4e2b
b73694c24ec259da39e125c2c7d9496b2f222ba0,cfbb2021-2292-4c55-b9b6-2f81a8ca58d9
9445d843e8416a4cffb6da681250162ac38e1e2f,cfbb2021-2292-4c55-b9b6-2f81a8ca58d9
9445d843e8416a4cffb6da681250162ac38e1e2f,02761515-778b-4e96-8cce-6f7fdaba4e2b
7aaa884f017f3f71a893b1755f75d801e17339ac,02761515-778b-4e96-8cce-6f7fdaba4e2b
994b8dbfa12027ed24285a1e34c20cae8831173c,cfbb2021-2292-4c55-b9b6-2f81a8ca58d9
768b444c84340d2210bd2782ce3aa39b723bd0b9,cfbb2021-2292-4c55-b9b6-2f81a8ca58d9
7da816d0f1d2a2b33d6512a1e694c04cbe4d4963,cfbb2021-2292-4c55-b9b6-2f81a8ca58d9
794c598e037ffac8b8dec326ba29a5dd9044ece6,cfbb2021-2292-4c55-b9b6-2f81a8ca58d9
b69a938050093e592e19a3b6321b3382d4f8bc7a,cfbb2021-2292-4c55-b9b6-2f81a8ca58d9
b69a938050093e592e19a3b6321b3382d4f8bc7a,02761515-778b-4e96-8cce-6f7fdaba4e2b
fac3a6f272428e9d6879227ef76c1fa9397b317f,cfbb2021-2292-4c55-b9b6-2f81a8ca58d9
ece51631d79e2c017471f31767d7c3b62dd45769,02761515-778b-4e96-8cce-6f7fdaba4e2b
ad7102b6bd0842fe1b46ce6a9246b1f00f51948f,1735a835-72a4-43b3-977b-7dd9c8e923fb
a5a6eb69869d2a25a5915ebec8e0991ba78c4769,cfbb2021-2292-4c55-b9b6-2f81a8ca58d9
2d1e79e057a9111ea6863378ffeca526a4e41c5f,02761515-778b-4e96-8cce-6f7fdaba4e2b
2d1e79e057a9111ea6863378ffeca526a4e41c5f,cfbb2021-2292-4c55-b9b6-2f81a8ca58d9
63b35f109c6962247cbbf9458d55082c653f1d9e,02761515-778b-4e96-8cce-6f7fdaba4e2b
63b35f109c6962247cbbf9458d55082c653f1d9e,cfbb2021-2292-4c55-b9b6-2f81a8ca58d9
7a28a601877a3722126c74149efc2a5f207b08e2,02761515-778b-4e96-8cce-6f7fdaba4e2b
641bb6adbbef003b3b74a1bbd5e11dbe251d6a66,cfbb2021-2292-4c55-b9b6-2f81a8ca58d9
bcd2c5379a34068040750a751e4fd2710d90c15c,cfbb2021-2292-4c55-b9b6-2f81a8ca58d9
c605abdfc50787818fce169198e0807c5b474c1c,cfbb2021-2292-4c55-b9b6-2f81a8ca58d9
64fd3ee86c29633d439d02bbdc044b132e56ec7c,cfbb2021-2292-4c55-b9b6-2f81a8ca58d9
5a4674e987c2d7c130c5303cbad3f4e4531f3259,02761515-778b-4e96-8cce-6f7fdaba4e2b
5a4674e987c2d7c130c5303cbad3f4e4531f3259,cfbb2021-2292-4c55-b9b6-2f81a8ca58d9
2f9a1286e7af4ab7706ad8cfcc8c8742a1964939,cfbb2021-2292-4c55-b9b6-2f81a8ca58d9
0d63d4bcf9fb27ee0930d71cd0108fe629671b7a,cfbb2021-2292-4c55-b9b6-2f81a8ca58d9
a652692b51c786bfa3ceb43f3ae9f6acb796921f,cfbb2021-2292-4c55-b9b6-2f81a8ca58d9
edb89d1462e96b4bace463f1fae9307717ac787a,cfbb2021-2292-4c55-b9b6-2f81a8ca58d9
9992f1d6978c1e9442bf519aa213f5ca4e2159f8,cfbb2021-2292-4c55-b9b6-2f81a8ca58d9
9992f1d6978c1e9442bf519aa213f5ca4e2159f8,02761515-778b-4e96-8cce-6f7fdaba4e2b
3dcc789f0ecc07500a3539ec3805f80a03412103,02761515-778b-4e96-8cce-6f7fdaba4e2b
3dcc789f0ecc07500a3539ec3805f80a03412103,cfbb2021-2292-4c55-b9b6-2f81a8ca58d9
969d1e52140dbf8f58a1b3f61a29b03255490c86,cfbb2021-2292-4c55-b9b6-2f81a8ca58d9
0e528eb8167c68930c2e1ab20ab5c14f98446927,cfbb2021-2292-4c55-b9b6-2f81a8ca58d9
a639919277b2d0683d21b637bec2192fd475fa80,bef303ef-4b58-433f-8f44-7f60abefc48f
a639919277b2d0683d21b637bec2192fd475fa80,cfbb2021-2292-4c55-b9b6-2f81a8ca58d9
2aa4b8ab64847b5d040a4508a4029dea07e9cb41,cfbb2021-2292-4c55-b9b6-2f81a8ca58d9
389aa97e59372fbc65cab81fe18d9f86fbb70a82,02761515-778b-4e96-8cce-6f7fdaba4e2b
389aa97e59372fbc65cab81fe18d9f86fbb70a82,cfbb2021-2292-4c55-b9b6-2f81a8ca58d9
372fcbfccd9b02c69f0e42f1c94a64a044e1a11a,cfbb2021-2292-4c55-b9b6-2f81a8ca58d9
402a9ff765bbf5a590a59e59790256c1be0ca330,02761515-778b-4e96-8cce-6f7fdaba4e2b
72c32a1672fad31ef32fadc4e119a5c5569e4cd0,cfbb2021-2292-4c55-b9b6-2f81a8ca58d9
1a517c7b56d1d2f2d3e8e209c438e32663a750c9,02761515-778b-4e96-8cce-6f7fdaba4e2b
1a517c7b56d1d2f2d3e8e209c438e32663a750c9,cfbb2021-2292-4c55-b9b6-2f81a8ca58d9
c24d6c1bed6af6b99e506f2ba83e9552481b5615,02761515-778b-4e96-8cce-6f7fdaba4e2b
c24d6c1bed6af6b99e506f2ba83e9552481b5615,cfbb2021-2292-4c55-b9b6-2f81a8ca58d9
7eb0399ae7e79449178d7fdaa86059fa0c856edd,cfbb2021-2292-4c55-b9b6-2f81a8ca58d9
7eb0399ae7e79449178d7fdaa86059fa0c856edd,02761515-778b-4e96-8cce-6f7fdaba4e2b
717a8985cc3fcbd285efe50dbcb8fe5bb12921b1,02761515-778b-4e96-8cce-6f7fdaba4e2b
57e7a7323f58a35f5e2cc33bf17d4ac9cdcafdd4,1735a835-72a4-43b3-977b-7dd9c8e923fb
57e7a7323f58a35f5e2cc33bf17d4ac9cdcafdd4,bef303ef-4b58-433f-8f44-7f60abefc48f
fa60b6806050255a77699bd0f9f5d824884c5162,1735a835-72a4-43b3-977b-7dd9c8e923fb
fa60b6806050255a77699bd0f9f5d824884c5162,bef303ef-4b58-433f-8f44-7f60abefc48f
fa60b6806050255a77699bd0f9f5d824884c5162,cfbb2021-2292-4c55-b9b6-2f81a8ca58d9
fd495d6cf7c3169bc58550fdf32be6e16e2800f8,bef303ef-4b58-433f-8f44-7f60abefc48f
fd495d6cf7c3169bc58550fdf32be6e16e2800f8,1735a835-72a4-43b3-977b-7dd9c8e923fb
90485e0ce54c1ad12a2d01362a007ab107d71063,cfbb2021-2292-4c55-b9b6-2f81a8ca58d9
90485e0ce54c1ad12a2d01362a007ab107d71063,bef303ef-4b58-433f-8f44-7f60abefc48f
a41d8c4eddf4054ef080c7edec21b39c492892ee,bef303ef-4b58-433f-8f44-7f60abefc48f
34d405eaecab40a932108a7ff97e92fb8fd1ae4e,cfbb2021-2292-4c55-b9b6-2f81a8ca58d9
34d405eaecab40a932108a7ff97e92fb8fd1ae4e,bef303ef-4b58-433f-8f44-7f60abefc48f
8002fefd7bcc66c23a8d49aa9a7ae8d4a9885ad3,cfbb2021-2292-4c55-b9b6-2f81a8ca58d9
8002fefd7bcc66c23a8d49aa9a7ae8d4a9885ad3,bef303ef-4b58-433f-8f44-7f60abefc48f
1ff4bd599b950218f0517fb76ee49ad0599e1c53,cfbb2021-2292-4c55-b9b6-2f81a8ca58d9
1ff4bd599b950218f0517fb76ee49ad0599e1c53,bef303ef-4b58-433f-8f44-7f60abefc48f
7d7735582cfa14efb00d967e9af4d725579e8746,cfbb2021-2292-4c55-b9b6-2f81a8ca58d9
7d7735582cfa14efb00d967e9af4d725579e8746,1735a835-72a4-43b3-977b-7dd9c8e923fb
7d7735582cfa14efb00d967e9af4d725579e8746,bef303ef-4b58-433f-8f44-7f60abefc48f
70b4af707b1bf5eebacaadcf994335feb3d7a43a,1735a835-72a4-43b3-977b-7dd9c8e923fb
70b4af707b1bf5eebacaadcf994335feb3d7a43a,bef303ef-4b58-433f-8f44-7f60abefc48f
17190dc2a51b4f0edd05753a4cea2a2540059933,bef303ef-4b58-433f-8f44-7f60abefc48f
17190dc2a51b4f0edd05753a4cea2a2540059933,cfbb2021-2292-4c55-b9b6-2f81a8ca58d9
766d3c1f67728737a255bd88e272f2bacb92d6e9,bef303ef-4b58-433f-8f44-7f60abefc48f
766d3c1f67728737a255bd88e272f2bacb92d6e9,cfbb2021-2292-4c55-b9b6-2f81a8ca58d9
d6425d11904920cf6fafe895e6073e2131978e60,cfbb2021-2292-4c55-b9b6-2f81a8ca58d9
bc54798db4962ec9ba6a5e87be3dce156454cfef,cfbb2021-2292-4c55-b9b6-2f81a8ca58d9
bc54798db4962ec9ba6a5e87be3dce156454cfef,bef303ef-4b58-433f-8f44-7f60abefc48f
f22e039275da9512fd59109165b99abf7c6910f9,bef303ef-4b58-433f-8f44-7f60abefc48f
f22e039275da9512fd59109165b99abf7c6910f9,cfbb2021-2292-4c55-b9b6-2f81a8ca58d9
0ff76dd78e47f4534ee148b644f1f2707bc70df5,cfbb2021-2292-4c55-b9b6-2f81a8ca58d9
0ff76dd78e47f4534ee148b644f1f2707bc70df5,1735a835-72a4-43b3-977b-7dd9c8e923fb
0ff76dd78e47f4534ee148b644f1f2707bc70df5,bef303ef-4b58-433f-8f44-7f60abefc48f
c67f7d629c4500bd47056b03bdfaf2df2f3c9346,bef303ef-4b58-433f-8f44-7f60abefc48f
c67f7d629c4500bd47056b03bdfaf2df2f3c9346,1735a835-72a4-43b3-977b-7dd9c8e923fb
cc384cff27d8a609f89f9e915c26bf31c39749a1,bef303ef-4b58-433f-8f44-7f60abefc48f
cc384cff27d8a609f89f9e915c26bf31c39749a1,cfbb2021-2292-4c55-b9b6-2f81a8ca58d9
cc384cff27d8a609f89f9e915c26bf31c39749a1,1735a835-72a4-43b3-977b-7dd9c8e923fb
053e5c1f175cf385fb8ab551e68446e24b3475a5,cfbb2021-2292-4c55-b9b6-2f81a8ca58d9
740c502c5596a570abfcffc1eefea160c2d6112c,bef303ef-4b58-433f-8f44-7f60abefc48f
5c511ed1011c42a92fe1c4c5fe1fbc7190a5fde9,1735a835-72a4-43b3-977b-7dd9c8e923fb
5c511ed1011c42a92fe1c4c5fe1fbc7190a5fde9,bef303ef-4b58-433f-8f44-7f60abefc48f
219bee9fde1303f423fac52ff373f19552c60d53,bef303ef-4b58-433f-8f44-7f60abefc48f
219bee9fde1303f423fac52ff373f19552c60d53,1735a835-72a4-43b3-977b-7dd9c8e923fb
13226c692dd6908c64555fb095c4ee968a539a83,cfbb2021-2292-4c55-b9b6-2f81a8ca58d9
13226c692dd6908c64555fb095c4ee968a539a83,bef303ef-4b58-433f-8f44-7f60abefc48f
c464387a83a573c5154d551214628c760ff1a2b9,bef303ef-4b58-433f-8f44-7f60abefc48f
c464387a83a573c5154d551214628c760ff1a2b9,cfbb2021-2292-4c55-b9b6-2f81a8ca58d9
4050c80ba36c6f86b0684a59be70182557b0770c,cfbb2021-2292-4c55-b9b6-2f81a8ca58d9
12467886cc2ab7aa5b0108001144ffaa3e67ded0,cfbb2021-2292-4c55-b9b6-2f81a8ca58d9
12467886cc2ab7aa5b0108001144ffaa3e67ded0,bef303ef-4b58-433f-8f44-7f60abefc48f
1e05e8c73a099b7ce11d4764706ba657c0e0d37b,cfbb2021-2292-4c55-b9b6-2f81a8ca58d9
1e05e8c73a099b7ce11d4764706ba657c0e0d37b,bef303ef-4b58-433f-8f44-7f60abefc48f
fef2bd94ea0ece037c7f983b9d51a6a305482f07,1735a835-72a4-43b3-977b-7dd9c8e923fb
fef2bd94ea0ece037c7f983b9d51a6a305482f07,bef303ef-4b58-433f-8f44-7f60abefc48f
32dc2a2ea7d1735b3c0cf5f782200453215fe6cd,1735a835-72a4-43b3-977b-7dd9c8e923fb
32dc2a2ea7d1735b3c0cf5f782200453215fe6cd,bef303ef-4b58-433f-8f44-7f60abefc48f
32dc2a2ea7d1735b3c0cf5f782200453215fe6cd,cfbb2021-2292-4c55-b9b6-2f81a8ca58d9
6966d2b49fa885897e0b2e18ce144831c55f3e5f,1735a835-72a4-43b3-977b-7dd9c8e923fb
6966d2b49fa885897e0b2e18ce144831c55f3e5f,cfbb2021-2292-4c55-b9b6-2f81a8ca58d9
6966d2b49fa885897e0b2e18ce144831c55f3e5f,bef303ef-4b58-433f-8f44-7f60abefc48f
d0da9ce3ca989bce2579b64be9aed518265a8994,65a8f598-0d86-4b70-a3ad-6a3a9715c4e3
bfada4dd6e30ed53835b0ab326f16140922ebf31,bef303ef-4b58-433f-8f44-7f60abefc48f
bfada4dd6e30ed53835b0ab326f16140922ebf31,1735a835-72a4-43b3-977b-7dd9c8e923fb
bfada4dd6e30ed53835b0ab326f16140922ebf31,cfbb2021-2292-4c55-b9b6-2f81a8ca58d9
4246613a89c19dbd326eee6cbadf6a933de21eb9,8233227a-b623-4321-9f69-1d99a32416c2
fe540ba862a10e06c8b75b751745e8b2d6161c73,cfbb2021-2292-4c55-b9b6-2f81a8ca58d9
fe540ba862a10e06c8b75b751745e8b2d6161c73,bef303ef-4b58-433f-8f44-7f60abefc48f
10b40befe5942e997f88ab40bac1acd931147893,1735a835-72a4-43b3-977b-7dd9c8e923fb
10b40befe5942e997f88ab40bac1acd931147893,cfbb2021-2292-4c55-b9b6-2f81a8ca58d9
10b40befe5942e997f88ab40bac1acd931147893,bef303ef-4b58-433f-8f44-7f60abefc48f
424b9225684cf54ef6d3939e2a4d7514bc90e67e,cfbb2021-2292-4c55-b9b6-2f81a8ca58d9
424b9225684cf54ef6d3939e2a4d7514bc90e67e,bef303ef-4b58-433f-8f44-7f60abefc48f
38080784dcde5f8bdb86af9a186b47117db37133,bef303ef-4b58-433f-8f44-7f60abefc48f
04b71445fca3e98d4f572284a15ccb7d6c7cb917,bef303ef-4b58-433f-8f44-7f60abefc48f
a6409a9192845e3f321edb0c147d263d9fad783c,cfbb2021-2292-4c55-b9b6-2f81a8ca58d9
a6409a9192845e3f321edb0c147d263d9fad783c,bef303ef-4b58-433f-8f44-7f60abefc48f
224a97657b897bbae36494025e4aeef5bb18d155,cfbb2021-2292-4c55-b9b6-2f81a8ca58d9
224a97657b897bbae36494025e4aeef5bb18d155,1735a835-72a4-43b3-977b-7dd9c8e923fb
224a97657b897bbae36494025e4aeef5bb18d155,bef303ef-4b58-433f-8f44-7f60abefc48f
6fd80c1f69da5ffae7b395e9d9d85ff8c061f885,bef303ef-4b58-433f-8f44-7f60abefc48f
6fd80c1f69da5ffae7b395e9d9d85ff8c061f885,1735a835-72a4-43b3-977b-7dd9c8e923fb
6fd80c1f69da5ffae7b395e9d9d85ff8c061f885,cfbb2021-2292-4c55-b9b6-2f81a8ca58d9
80e86c8ca16da71d7ff279619d7b72c82a14f564,1735a835-72a4-43b3-977b-7dd9c8e923fb
80e86c8ca16da71d7ff279619d7b72c82a14f564,cfbb2021-2292-4c55-b9b6-2f81a8ca58d9
80e86c8ca16da71d7ff279619d7b72c82a14f564,bef303ef-4b58-433f-8f44-7f60abefc48f
0369a5e1ab11f46979d4b61419884724a022d62e,bef303ef-4b58-433f-8f44-7f60abefc48f
0369a5e1ab11f46979d4b61419884724a022d62e,cfbb2021-2292-4c55-b9b6-2f81a8ca58d9
0369a5e1ab11f46979d4b61419884724a022d62e,1735a835-72a4-43b3-977b-7dd9c8e923fb
0d67f9364948d1d48f3c6cb9b88e60afd5f6d460,1735a835-72a4-43b3-977b-7dd9c8e923fb
0d67f9364948d1d48f3c6cb9b88e60afd5f6d460,cfbb2021-2292-4c55-b9b6-2f81a8ca58d9
0d67f9364948d1d48f3c6cb9b88e60afd5f6d460,bef303ef-4b58-433f-8f44-7f60abefc48f
dfa2727c776fc5b8dcd4d9217e4564e578ddb5a5,1735a835-72a4-43b3-977b-7dd9c8e923fb
dfa2727c776fc5b8dcd4d9217e4564e578ddb5a5,cfbb2021-2292-4c55-b9b6-2f81a8ca58d9
602ab24e8134815630da74c746405b3693836d6e,bef303ef-4b58-433f-8f44-7f60abefc48f
602ab24e8134815630da74c746405b3693836d6e,cfbb2021-2292-4c55-b9b6-2f81a8ca58d9
6be2e6dca6c66f3ad74eb01c168e3c104119f41c,1735a835-72a4-43b3-977b-7dd9c8e923fb
6be2e6dca6c66f3ad74eb01c168e3c104119f41c,bef303ef-4b58-433f-8f44-7f60abefc48f
36789799e464aa7465125ff8e778939843a0e89b,cfbb2021-2292-4c55-b9b6-2f81a8ca58d9
36789799e464aa7465125ff8e778939843a0e89b,bef303ef-4b58-433f-8f44-7f60abefc48f
1279fe26020af034fd6f16b04a1c23427c127db3,bef303ef-4b58-433f-8f44-7f60abefc48f
1279fe26020af034fd6f16b04a1c23427c127db3,1735a835-72a4-43b3-977b-7dd9c8e923fb
1279fe26020af034fd6f16b04a1c23427c127db3,cfbb2021-2292-4c55-b9b6-2f81a8ca58d9
1279fe26020af034fd6f16b04a1c23427c127db3,65a8f598-0d86-4b70-a3ad-6a3a9715c4e3
d26f49d123b114ba7ec83164bd4edca15d398677,cfbb2021-2292-4c55-b9b6-2f81a8ca58d9
d26f49d123b114ba7ec83164bd4edca15d398677,bef303ef-4b58-433f-8f44-7f60abefc48f
e8df0290e84a7c7ff4df03e648126eb99085e2f8,cfbb2021-2292-4c55-b9b6-2f81a8ca58d9
e8df0290e84a7c7ff4df03e648126eb99085e2f8,bef303ef-4b58-433f-8f44-7f60abefc48f
e8df0290e84a7c7ff4df03e648126eb99085e2f8,1735a835-72a4-43b3-977b-7dd9c8e923fb
e6a5bcdb576f2b0d965a9f71f24514553966716b,bef303ef-4b58-433f-8f44-7f60abefc48f
e6a5bcdb576f2b0d965a9f71f24514553966716b,cfbb2021-2292-4c55-b9b6-2f81a8ca58d9
a885fc8bcd9f398acdfeb1d64c37b523063b585e,cfbb2021-2292-4c55-b9b6-2f81a8ca58d9
9ade9dace9c2351280b8be050b69ad2abe5e7d9d,cfbb2021-2292-4c55-b9b6-2f81a8ca58d9
9ade9dace9c2351280b8be050b69ad2abe5e7d9d,bef303ef-4b58-433f-8f44-7f60abefc48f
2392f7f8b64c2016bf57957d51f32b7cef2acbcd,cfbb2021-2292-4c55-b9b6-2f81a8ca58d9
2392f7f8b64c2016bf57957d51f32b7cef2acbcd,bef303ef-4b58-433f-8f44-7f60abefc48f
0a27e9b4d0e03c6d0b03ec0b900b48b0e4079969,bef303ef-4b58-433f-8f44-7f60abefc48f
0a27e9b4d0e03c6d0b03ec0b900b48b0e4079969,cfbb2021-2292-4c55-b9b6-2f81a8ca58d9
632df9a1308ec631143f2897f79eeaf04208319d,cfbb2021-2292-4c55-b9b6-2f81a8ca58d9
632df9a1308ec631143f2897f79eeaf04208319d,bef303ef-4b58-433f-8f44-7f60abefc48f
8f6bf0f8ea557aec5376ba73eb39e674156c8bd1,1735a835-72a4-43b3-977b-7dd9c8e923fb
8f6bf0f8ea557aec5376ba73eb39e674156c8bd1,bef303ef-4b58-433f-8f44-7f60abefc48f
cd8156fc9f17146b39dfaf47fcd20f1e3ab70791,cfbb2021-2292-4c55-b9b6-2f81a8ca58d9
526cdbcd0d3063a4743fcd8033d9e76bd356d9bd,1735a835-72a4-43b3-977b-7dd9c8e923fb
526cdbcd0d3063a4743fcd8033d9e76bd356d9bd,bef303ef-4b58-433f-8f44-7f60abefc48f
042328a210e2a2301bf1bd81b238f8cc3bd82ba5,cfbb2021-2292-4c55-b9b6-2f81a8ca58d9
d7e1225452deed203a2f92d7cca29bcde27866e5,1735a835-72a4-43b3-977b-7dd9c8e923fb
d7e1225452deed203a2f92d7cca29bcde27866e5,bef303ef-4b58-433f-8f44-7f60abefc48f
02f42cf7470fbe514c6426e63631fc1ab5a2e350,cfbb2021-2292-4c55-b9b6-2f81a8ca58d9
02f42cf7470fbe514c6426e63631fc1ab5a2e350,bef303ef-4b58-433f-8f44-7f60abefc48f
f54d849fb9a111c0113f6c362d82d484b489193c,cfbb2021-2292-4c55-b9b6-2f81a8ca58d9
f54d849fb9a111c0113f6c362d82d484b489193c,1735a835-72a4-43b3-977b-7dd9c8e923fb
f54d849fb9a111c0113f6c362d82d484b489193c,bef303ef-4b58-433f-8f44-7f60abefc48f
e785892cf00aea8b58e638994b31a366d31b794e,cfbb2021-2292-4c55-b9b6-2f81a8ca58d9
0cc0a1ba893e35adf01342ed8f91bfa0ad940416,cfbb2021-2292-4c55-b9b6-2f81a8ca58d9
0cc0a1ba893e35adf01342ed8f91bfa0ad940416,bef303ef-4b58-433f-8f44-7f60abefc48f
e67a2993f38c125539a17c16791a6c73dbcc586d,cfbb2021-2292-4c55-b9b6-2f81a8ca58d9
e67a2993f38c125539a17c16791a6c73dbcc586d,bef303ef-4b58-433f-8f44-7f60abefc48f
aca8d8cc3fec56b9b41dc1853a75c1f0c0bd7d91,cfbb2021-2292-4c55-b9b6-2f81a8ca58d9
cdfe58e8c16884bf01989d7c35b0b7544710208f,cfbb2021-2292-4c55-b9b6-2f81a8ca58d9
cdfe58e8c16884bf01989d7c35b0b7544710208f,bef303ef-4b58-433f-8f44-7f60abefc48f
cca5e74bf5303d9504e78bc58d61d9fe653d160d,1735a835-72a4-43b3-977b-7dd9c8e923fb
cca5e74bf5303d9504e78bc58d61d9fe653d160d,bef303ef-4b58-433f-8f44-7f60abefc48f
a60d075f1f31c25a7ed32ebeca877d19233dde26,cfbb2021-2292-4c55-b9b6-2f81a8ca58d9
e2991da06cec4ca1f8f9727279674cfccdeee93c,ed6c391a-6561-4ce2-a7e1-470697f33403
e2991da06cec4ca1f8f9727279674cfccdeee93c,bef303ef-4b58-433f-8f44-7f60abefc48f
e2991da06cec4ca1f8f9727279674cfccdeee93c,cfbb2021-2292-4c55-b9b6-2f81a8ca58d9
8a8ec7b22ded7e455b1d156d0a57f3eba9cf38b0,cfbb2021-2292-4c55-b9b6-2f81a8ca58d9
8a8ec7b22ded7e455b1d156d0a57f3eba9cf38b0,bef303ef-4b58-433f-8f44-7f60abefc48f
334c19412ba69307b5f25408c79aac4cb8f94906,bef303ef-4b58-433f-8f44-7f60abefc48f
334c19412ba69307b5f25408c79aac4cb8f94906,cfbb2021-2292-4c55-b9b6-2f81a8ca58d9
334c19412ba69307b5f25408c79aac4cb8f94906,1735a835-72a4-43b3-977b-7dd9c8e923fb
a0672457c2687759fe88a44541cc53c81738c0da,cfbb2021-2292-4c55-b9b6-2f81a8ca58d9
a0672457c2687759fe88a44541cc53c81738c0da,bef303ef-4b58-433f-8f44-7f60abefc48f
8c5c522a0d02b0487929412be41eb385ff1eb991,bef303ef-4b58-433f-8f44-7f60abefc48f
fd23cfb37f4f69932edce56a13578b60b029db3a,1735a835-72a4-43b3-977b-7dd9c8e923fb
fd23cfb37f4f69932edce56a13578b60b029db3a,bef303ef-4b58-433f-8f44-7f60abefc48f
4edf4880e93783901df1118ff174c839ffe2986f,cfbb2021-2292-4c55-b9b6-2f81a8ca58d9
4edf4880e93783901df1118ff174c839ffe2986f,1735a835-72a4-43b3-977b-7dd9c8e923fb
4edf4880e93783901df1118ff174c839ffe2986f,bef303ef-4b58-433f-8f44-7f60abefc48f
a541fb091828a8a52ab0bc5914c9f68ca89df3e5,bef303ef-4b58-433f-8f44-7f60abefc48f
a541fb091828a8a52ab0bc5914c9f68ca89df3e5,1735a835-72a4-43b3-977b-7dd9c8e923fb
bf4e29b5b8afe5aa7dbf091f11d488a9b34c7e90,1735a835-72a4-43b3-977b-7dd9c8e923fb
27464183a5d63c06d4a8fafb0ba4e61bbdb59b70,cfbb2021-2292-4c55-b9b6-2f81a8ca58d9
27464183a5d63c06d4a8fafb0ba4e61bbdb59b70,bef303ef-4b58-433f-8f44-7f60abefc48f
b48c077e8f368857a2453a5ac6a62108308dbe89,cfbb2021-2292-4c55-b9b6-2f81a8ca58d9
b48c077e8f368857a2453a5ac6a62108308dbe89,bef303ef-4b58-433f-8f44-7f60abefc48f
75c52a70ec235ceb8a522a1e7e884c9792211d47,1735a835-72a4-43b3-977b-7dd9c8e923fb
75c52a70ec235ceb8a522a1e7e884c9792211d47,bef303ef-4b58-433f-8f44-7f60abefc48f
4332d830f827f3b59b829b523f0e130aad75baae,bef303ef-4b58-433f-8f44-7f60abefc48f
fbae68c4166d297cb4cc7b014906d559dfce484a,cfbb2021-2292-4c55-b9b6-2f81a8ca58d9
fbae68c4166d297cb4cc7b014906d559dfce484a,bef303ef-4b58-433f-8f44-7f60abefc48f
ff0e69dad3d3c0c4f77c0ffdfdb986e2bfb1533a,bef303ef-4b58-433f-8f44-7f60abefc48f
ff0e69dad3d3c0c4f77c0ffdfdb986e2bfb1533a,cfbb2021-2292-4c55-b9b6-2f81a8ca58d9
aa8cd9b6126da24d6e772a6973e82b5443537780,cfbb2021-2292-4c55-b9b6-2f81a8ca58d9
aa8cd9b6126da24d6e772a6973e82b5443537780,bef303ef-4b58-433f-8f44-7f60abefc48f
a066d6337183fba874dd6f90805df9178f00d847,bef303ef-4b58-433f-8f44-7f60abefc48f
a066d6337183fba874dd6f90805df9178f00d847,cfbb2021-2292-4c55-b9b6-2f81a8ca58d9
13043cbc3317220e57f89b70344d9b3f63d3a347,cfbb2021-2292-4c55-b9b6-2f81a8ca58d9
13043cbc3317220e57f89b70344d9b3f63d3a347,bef303ef-4b58-433f-8f44-7f60abefc48f
841dbff787e715ffb5b4c6b5a9841e0a2da0f1a0,1735a835-72a4-43b3-977b-7dd9c8e923fb
841dbff787e715ffb5b4c6b5a9841e0a2da0f1a0,cfbb2021-2292-4c55-b9b6-2f81a8ca58d9
841dbff787e715ffb5b4c6b5a9841e0a2da0f1a0,bef303ef-4b58-433f-8f44-7f60abefc48f
1a8bfb3b927778f643ae612562e0b9b915f614d3,bef303ef-4b58-433f-8f44-7f60abefc48f
6696681640fb9c9dc5f81ea73a433f09bfe9886a,bef303ef-4b58-433f-8f44-7f60abefc48f
6696681640fb9c9dc5f81ea73a433f09bfe9886a,cfbb2021-2292-4c55-b9b6-2f81a8ca58d9
8263465748cb85e0945d5c530812b87f2b962bde,1735a835-72a4-43b3-977b-7dd9c8e923fb
8263465748cb85e0945d5c530812b87f2b962bde,bef303ef-4b58-433f-8f44-7f60abefc48f
3174838e6064eece0d05c0a29d42d6284d594b2d,cfbb2021-2292-4c55-b9b6-2f81a8ca58d9
3174838e6064eece0d05c0a29d42d6284d594b2d,1735a835-72a4-43b3-977b-7dd9c8e923fb
3174838e6064eece0d05c0a29d42d6284d594b2d,bef303ef-4b58-433f-8f44-7f60abefc48f
a164044fe875d7d9d23a9f569c5b2c82660add4e,bef303ef-4b58-433f-8f44-7f60abefc48f
a164044fe875d7d9d23a9f569c5b2c82660add4e,cfbb2021-2292-4c55-b9b6-2f81a8ca58d9
262758686200e7d847e5489fff55b6a5919fcb1d,bef303ef-4b58-433f-8f44-7f60abefc48f
6e1ca21d92705c43a285bfbd01391b45c6140ead,cfbb2021-2292-4c55-b9b6-2f81a8ca58d9
dfdd9d364b6c7860fd9e2df37b7970a230a646df,cfbb2021-2292-4c55-b9b6-2f81a8ca58d9
dfdd9d364b6c7860fd9e2df37b7970a230a646df,bef303ef-4b58-433f-8f44-7f60abefc48f
dfdd9d364b6c7860fd9e2df37b7970a230a646df,1735a835-72a4-43b3-977b-7dd9c8e923fb
78dbf5d24f1788ec47b723904e85dc68d74d77b7,cfbb2021-2292-4c55-b9b6-2f81a8ca58d9
78dbf5d24f1788ec47b723904e85dc68d74d77b7,bef303ef-4b58-433f-8f44-7f60abefc48f
02f62fe778f1cdcdeb1e975f84ba054895202c26,cfbb2021-2292-4c55-b9b6-2f81a8ca58d9
02f62fe778f1cdcdeb1e975f84ba054895202c26,bef303ef-4b58-433f-8f44-7f60abefc48f
9de3f1ed6352262b24c63c3dad62e15a3ef5a653,c241e8c0-fe1d-4097-979d-2a090733567e
1ee0abcb8f0afd74d602255d529d7c2a036a8f02,cfbb2021-2292-4c55-b9b6-2f81a8ca58d9
b07c157e7d40e06a4f2d486b16d5180d8b24acb9,cfbb2021-2292-4c55-b9b6-2f81a8ca58d9
b07c157e7d40e06a4f2d486b16d5180d8b24acb9,65a8f598-0d86-4b70-a3ad-6a3a9715c4e3
6bc77c4dc6075ee81c05f0f5f43e44b2a34a5876,cfbb2021-2292-4c55-b9b6-2f81a8ca58d9
54006d6fb211a090c98fee9d8103479b022c0db2,cfbb2021-2292-4c55-b9b6-2f81a8ca58d9
95d6ff6279fa0f92df6fae0e6bd4c259acfc8f09,cfbb2021-2292-4c55-b9b6-2f81a8ca58d9
c2f21a6b917286c7e904e0f168b53bbaa2bda4ba,bef303ef-4b58-433f-8f44-7f60abefc48f
c2f21a6b917286c7e904e0f168b53bbaa2bda4ba,cfbb2021-2292-4c55-b9b6-2f81a8ca58d9
1034712495a5d8f54d489674c3eac69250bf107e,cfbb2021-2292-4c55-b9b6-2f81a8ca58d9
2e75dd6fb569ee917b6571d89afadd980af499c0,cfbb2021-2292-4c55-b9b6-2f81a8ca58d9
2e75dd6fb569ee917b6571d89afadd980af499c0,bef303ef-4b58-433f-8f44-7f60abefc48f
7624a21a8d962b4e0aaa90d2c9b7b70f98dd008f,65a8f598-0d86-4b70-a3ad-6a3a9715c4e3
8851f2f404b3322170c3c660fb3cf30a2911d6ec,68457171-0d78-43a6-90dc-ab592f2a06cb
88648d2ae7c18ee6b79d1d2754cf92724787f8ce,bef303ef-4b58-433f-8f44-7f60abefc48f
88648d2ae7c18ee6b79d1d2754cf92724787f8ce,cfbb2021-2292-4c55-b9b6-2f81a8ca58d9
72744fb5963b168b4590e5eaa148c8d0e5eafe38,cfbb2021-2292-4c55-b9b6-2f81a8ca58d9
8b7a2b2f4665be8b177abcf9a4d3634ef20eaefc,65a8f598-0d86-4b70-a3ad-6a3a9715c4e3
81b8dd00d832cc46bc72f11298b0839483c48d52,cfbb2021-2292-4c55-b9b6-2f81a8ca58d9
81b8dd00d832cc46bc72f11298b0839483c48d52,bef303ef-4b58-433f-8f44-7f60abefc48f
ee4fd9cd27836870dd18eb2d81efac596a758fb1,60352853-fc5b-4669-bd6f-d93829e49a6c
968ea337e15004a2ed3e1442d7f632a1214e2268,cfbb2021-2292-4c55-b9b6-2f81a8ca58d9
56a13467a3cfb7a9ec00b7f3ed5e953324225233,cfbb2021-2292-4c55-b9b6-2f81a8ca58d9
aec03b62900277709b10793a168058c5d05fd34f,65a8f598-0d86-4b70-a3ad-6a3a9715c4e3
ecaa9d581d26cb23a759ca1310b0a5d8ce27b7b2,c241e8c0-fe1d-4097-979d-2a090733567e
f5a04ec1d43b3d5385ad450dd28dcac11e300f64,bef303ef-4b58-433f-8f44-7f60abefc48f
bdba4cf0aa5c831301fd75e0d100f1fb14158bc6,c241e8c0-fe1d-4097-979d-2a090733567e
756bd8b609f9754fee6ae9e9056f5face4386726,1735a835-72a4-43b3-977b-7dd9c8e923fb
756bd8b609f9754fee6ae9e9056f5face4386726,cfbb2021-2292-4c55-b9b6-2f81a8ca58d9
756bd8b609f9754fee6ae9e9056f5face4386726,bef303ef-4b58-433f-8f44-7f60abefc48f
fc9051185b4879606ed006d00055940aee4da5e1,cfbb2021-2292-4c55-b9b6-2f81a8ca58d9
2f1214615605b298733c008ffbd8a79051992473,cfbb2021-2292-4c55-b9b6-2f81a8ca58d9
e1274867d404fd1dbf73a654c217ea5c0c32852c,bbc0294d-ad81-4461-b09d-e7399e8dad16
e1274867d404fd1dbf73a654c217ea5c0c32852c,bef303ef-4b58-433f-8f44-7f60abefc48f
7d08932d11d5cf03ac2725250e83ec68f5a0f878,cfbb2021-2292-4c55-b9b6-2f81a8ca58d9
0e63d3bea6a258017c43bb6c91f923839d260c8f,cfbb2021-2292-4c55-b9b6-2f81a8ca58d9
b9d26450520aa98e6ccb1b2e11a48fec29f273b9,cfbb2021-2292-4c55-b9b6-2f81a8ca58d9
b9d26450520aa98e6ccb1b2e11a48fec29f273b9,bef303ef-4b58-433f-8f44-7f60abefc48f
f8dab78b4ddd64a83bbc62cb153161a033dc06d1,bef303ef-4b58-433f-8f44-7f60abefc48f
f8dab78b4ddd64a83bbc62cb153161a033dc06d1,cfbb2021-2292-4c55-b9b6-2f81a8ca58d9
12748e904f5025ca1757ce49d72cad3878e1be8f,65a8f598-0d86-4b70-a3ad-6a3a9715c4e3
12748e904f5025ca1757ce49d72cad3878e1be8f,bef303ef-4b58-433f-8f44-7f60abefc48f
12748e904f5025ca1757ce49d72cad3878e1be8f,cfbb2021-2292-4c55-b9b6-2f81a8ca58d9
6192ad6db166477e001d853ff9ca217a5bf8f7a3,bbc0294d-ad81-4461-b09d-e7399e8dad16
6192ad6db166477e001d853ff9ca217a5bf8f7a3,bef303ef-4b58-433f-8f44-7f60abefc48f
74eb4d6abf1d0236be338c1bd5ee59a498b961b1,65a8f598-0d86-4b70-a3ad-6a3a9715c4e3
74eb4d6abf1d0236be338c1bd5ee59a498b961b1,68457171-0d78-43a6-90dc-ab592f2a06cb
06ba4f1bda6f3f413e5b98e23012b845878184d6,bef303ef-4b58-433f-8f44-7f60abefc48f
abb780f85a1a27919e461efdcc2a77cf1ab46c8b,65a8f598-0d86-4b70-a3ad-6a3a9715c4e3
f6c5a2a6cccae1db5f0a753946a2e89d7d22aa5d,65a8f598-0d86-4b70-a3ad-6a3a9715c4e3
37c0809e246e593d524fa8a918eaee661124c21f,65a8f598-0d86-4b70-a3ad-6a3a9715c4e3
8e8152d46c8ff1070805096c214df7f389c57b80,65a8f598-0d86-4b70-a3ad-6a3a9715c4e3
8e8152d46c8ff1070805096c214df7f389c57b80,cfbb2021-2292-4c55-b9b6-2f81a8ca58d9
36e7356a12554d8af87094a9ca245b49b4f4a5c4,cfbb2021-2292-4c55-b9b6-2f81a8ca58d9
cfc104f686b2190f64db03c8933d8f2a7fff5a5d,cfbb2021-2292-4c55-b9b6-2f81a8ca58d9
d66c93134b8345d76c6d4d25cab52abb160fee67,65a8f598-0d86-4b70-a3ad-6a3a9715c4e3
a94b761fc2c9c299f5dc4c10d44e6d2bdd9a8267,65a8f598-0d86-4b70-a3ad-6a3a9715c4e3
a94b761fc2c9c299f5dc4c10d44e6d2bdd9a8267,cfbb2021-2292-4c55-b9b6-2f81a8ca58d9
788eab78c4c6e998fc6812b7d7af7ce6505af2e4,cfbb2021-2292-4c55-b9b6-2f81a8ca58d9
d53aa6487575762c1a14addf273ea271fef24d29,65a8f598-0d86-4b70-a3ad-6a3a9715c4e3
9893595f6950ca1340055da05fd2fae2b7b4dfd3,65a8f598-0d86-4b70-a3ad-6a3a9715c4e3
9893595f6950ca1340055da05fd2fae2b7b4dfd3,cfbb2021-2292-4c55-b9b6-2f81a8ca58d9
e9b90c75c5c99353a43cbf5e083334a59e50cca8,65a8f598-0d86-4b70-a3ad-6a3a9715c4e3
d2ae0082986d965469ece8c0ebcf4885c84b9ccc,bbc0294d-ad81-4461-b09d-e7399e8dad16
d2ae0082986d965469ece8c0ebcf4885c84b9ccc,bef303ef-4b58-433f-8f44-7f60abefc48f
bba08b50d33448a3b65b4baf7c0df3c1eca8b10d,65a8f598-0d86-4b70-a3ad-6a3a9715c4e3
e3acbca01b107b43b04f73499fbce2eeadc5970a,65a8f598-0d86-4b70-a3ad-6a3a9715c4e3
9699f9186a38107ff5dfaae9d44dd1796cbe7ac7,02761515-778b-4e96-8cce-6f7fdaba4e2b
b255694c69768b03bf854a72f3b0520befb0c509,cfbb2021-2292-4c55-b9b6-2f81a8ca58d9
5b2d23a567b117ffe32dad3907a473e328127ff2,cfbb2021-2292-4c55-b9b6-2f81a8ca58d9
5b2d23a567b117ffe32dad3907a473e328127ff2,65a8f598-0d86-4b70-a3ad-6a3a9715c4e3
89ce4cf020e64bb4c7820b550ed9895525d31872,bef303ef-4b58-433f-8f44-7f60abefc48f
89ce4cf020e64bb4c7820b550ed9895525d31872,bbc0294d-ad81-4461-b09d-e7399e8dad16
0c2cab97a9ea7cc7f31801d21a19aec82fc9a28c,cfbb2021-2292-4c55-b9b6-2f81a8ca58d9
b19fd39320634d3421191e0614b32f809d8b0866,65a8f598-0d86-4b70-a3ad-6a3a9715c4e3
73be8ad32db73d4f4f50c5dd96d71bdfb02ea9bb,65a8f598-0d86-4b70-a3ad-6a3a9715c4e3
ca73d88c497fb354a3a1f59fd2a3ca2bfbb7358c,65a8f598-0d86-4b70-a3ad-6a3a9715c4e3
3278d34e0eb3d58d36cc2300a4396664a6c950e5,65a8f598-0d86-4b70-a3ad-6a3a9715c4e3
9455977ce159fdc496cda7128ec35e03615baf43,1735a835-72a4-43b3-977b-7dd9c8e923fb
3bf89f38b238dd2d4ca4870e6b1fb28dbd136c84,cfbb2021-2292-4c55-b9b6-2f81a8ca58d9
9318f9c688debeee0d671faae0f2cc384a673499,cfbb2021-2292-4c55-b9b6-2f81a8ca58d9
9318f9c688debeee0d671faae0f2cc384a673499,bef303ef-4b58-433f-8f44-7f60abefc48f
b131ac160af2c3ef91aff47f6578067183ca4c4b,cfbb2021-2292-4c55-b9b6-2f81a8ca58d9
b131ac160af2c3ef91aff47f6578067183ca4c4b,65a8f598-0d86-4b70-a3ad-6a3a9715c4e3
7923f4dd95866891d0bfeeae521f5803b8b98b67,cfbb2021-2292-4c55-b9b6-2f81a8ca58d9
7923f4dd95866891d0bfeeae521f5803b8b98b67,65a8f598-0d86-4b70-a3ad-6a3a9715c4e3
c6309b2aa8706f69b70830ef18147c79be36ba50,bbc0294d-ad81-4461-b09d-e7399e8dad16
c6309b2aa8706f69b70830ef18147c79be36ba50,bef303ef-4b58-433f-8f44-7f60abefc48f
a23407b19100acba66fcfc2803d251a3c829e9e3,cfbb2021-2292-4c55-b9b6-2f81a8ca58d9
bfacd964ba59bcc6b87b251fa3b30df90736c315,65a8f598-0d86-4b70-a3ad-6a3a9715c4e3
9a5a7a1b13f51af9369ef4ddeb75bb8b5ff87e70,cfbb2021-2292-4c55-b9b6-2f81a8ca58d9
ab9accbaf61438bf518de0af0946f4bf12b7e158,cfbb2021-2292-4c55-b9b6-2f81a8ca58d9
ab9accbaf61438bf518de0af0946f4bf12b7e158,bef303ef-4b58-433f-8f44-7f60abefc48f
fbe0aeb6d1aaca06c84c985ce63b7c061569dd99,cfbb2021-2292-4c55-b9b6-2f81a8ca58d9
fbe0aeb6d1aaca06c84c985ce63b7c061569dd99,bef303ef-4b58-433f-8f44-7f60abefc48f
29af614088e9a2b387c2dc81539cf8420483c28a,cfbb2021-2292-4c55-b9b6-2f81a8ca58d9
5b18ce706c138393a127658d0a062d24f5f145bb,cfbb2021-2292-4c55-b9b6-2f81a8ca58d9
5656c718164f6ab8950f13d78ccf5d3b9942df7f,cfbb2021-2292-4c55-b9b6-2f81a8ca58d9
5656c718164f6ab8950f13d78ccf5d3b9942df7f,bef303ef-4b58-433f-8f44-7f60abefc48f
5656c718164f6ab8950f13d78ccf5d3b9942df7f,65a8f598-0d86-4b70-a3ad-6a3a9715c4e3
e4715a13f6364b1c81e64f247651c3d9e80b6808,cfbb2021-2292-4c55-b9b6-2f81a8ca58d9
e4715a13f6364b1c81e64f247651c3d9e80b6808,65a8f598-0d86-4b70-a3ad-6a3a9715c4e3
cfa6e9e2331fca45f5c948a3477164fd14c956c9,cfbb2021-2292-4c55-b9b6-2f81a8ca58d9
cfa6e9e2331fca45f5c948a3477164fd14c956c9,65a8f598-0d86-4b70-a3ad-6a3a9715c4e3
446cd7da78f629cfdcef88b91ffbd24022a0b67b,cfbb2021-2292-4c55-b9b6-2f81a8ca58d9
fc472f5017c6200e79b7540be07bc6b4798b4ef8,cfbb2021-2292-4c55-b9b6-2f81a8ca58d9
fc472f5017c6200e79b7540be07bc6b4798b4ef8,bef303ef-4b58-433f-8f44-7f60abefc48f
d089f5e5d0548df6066ff281f3918ed67ae742a0,65a8f598-0d86-4b70-a3ad-6a3a9715c4e3
d089f5e5d0548df6066ff281f3918ed67ae742a0,cfbb2021-2292-4c55-b9b6-2f81a8ca58d9
a51a630f1088baff85282993ebf14fb910ccf126,cfbb2021-2292-4c55-b9b6-2f81a8ca58d9
a51a630f1088baff85282993ebf14fb910ccf126,bef303ef-4b58-433f-8f44-7f60abefc48f
f4080a231a943b848d4d8e6c597c647caf4390c1,02761515-778b-4e96-8cce-6f7fdaba4e2b
4d89d0da3bb1c8bc2ef36c7641abd41149def20b,c241e8c0-fe1d-4097-979d-2a090733567e
8df5d1e909de14932e42b347adf35070f60dc9ba,65a8f598-0d86-4b70-a3ad-6a3a9715c4e3
74b6089b46e3e12f74da7d5d981d787aa7fb8459,cfbb2021-2292-4c55-b9b6-2f81a8ca58d9
74b6089b46e3e12f74da7d5d981d787aa7fb8459,65a8f598-0d86-4b70-a3ad-6a3a9715c4e3
36e3cf186ebc510800fb6e217cc8edae93fbf4f9,65a8f598-0d86-4b70-a3ad-6a3a9715c4e3
d133cb102ad0f81e3fd17a7db090b28afc124c4a,cfbb2021-2292-4c55-b9b6-2f81a8ca58d9
d133cb102ad0f81e3fd17a7db090b28afc124c4a,68457171-0d78-43a6-90dc-ab592f2a06cb
d133cb102ad0f81e3fd17a7db090b28afc124c4a,bef303ef-4b58-433f-8f44-7f60abefc48f
39afec82e60d44f003cbd15e85d892b6fc5016e9,65a8f598-0d86-4b70-a3ad-6a3a9715c4e3
f2a34394994089ee965dd9fa7a4bbc2446432770,cfbb2021-2292-4c55-b9b6-2f81a8ca58d9
2ced07a295025f46ae51efa0a61679815c0866c5,65a8f598-0d86-4b70-a3ad-6a3a9715c4e3
8bd4a8eb93ede5c55c09bed842be671c8cb3413f,cfbb2021-2292-4c55-b9b6-2f81a8ca58d9
8bd4a8eb93ede5c55c09bed842be671c8cb3413f,bef303ef-4b58-433f-8f44-7f60abefc48f
cc2c33aea50ef4e2aec9413f83ccd7d35dace3c6,cfbb2021-2292-4c55-b9b6-2f81a8ca58d9
1a6b1bac33da9cdff5fc311e9b9e4bd065bd7a9f,1f58c4cb-3416-4b1d-aaa3-4ac6e10acd38
cc2101c1368c528a7def9bf9ae711d3725933ac8,65a8f598-0d86-4b70-a3ad-6a3a9715c4e3
cc2101c1368c528a7def9bf9ae711d3725933ac8,bef303ef-4b58-433f-8f44-7f60abefc48f
cc2101c1368c528a7def9bf9ae711d3725933ac8,cfbb2021-2292-4c55-b9b6-2f81a8ca58d9
a44b5f0314a12aca034d52cf047445cdf7c884bf,cfbb2021-2292-4c55-b9b6-2f81a8ca58d9
69381b5efd97e7c55f51c2730caccab3d632d4d2,65a8f598-0d86-4b70-a3ad-6a3a9715c4e3
69381b5efd97e7c55f51c2730caccab3d632d4d2,bef303ef-4b58-433f-8f44-7f60abefc48f
69381b5efd97e7c55f51c2730caccab3d632d4d2,cfbb2021-2292-4c55-b9b6-2f81a8ca58d9
287650fad5a478581f0040ad064e6856c7c13af2,cfbb2021-2292-4c55-b9b6-2f81a8ca58d9
287650fad5a478581f0040ad064e6856c7c13af2,65a8f598-0d86-4b70-a3ad-6a3a9715c4e3
1f400c9732c13eae95be34a181c2b8042a774a39,cfbb2021-2292-4c55-b9b6-2f81a8ca58d9
1f400c9732c13eae95be34a181c2b8042a774a39,65a8f598-0d86-4b70-a3ad-6a3a9715c4e3
ef2704b8e44692c7f6430451434af64df913d575,65a8f598-0d86-4b70-a3ad-6a3a9715c4e3
a59b5da1de93e35bbb26d335ca2247ea710a9315,cfbb2021-2292-4c55-b9b6-2f81a8ca58d9
a59b5da1de93e35bbb26d335ca2247ea710a9315,bef303ef-4b58-433f-8f44-7f60abefc48f
7dbdb4209626fd92d2436a058663206216036e68,cfbb2021-2292-4c55-b9b6-2f81a8ca58d9
7dbdb4209626fd92d2436a058663206216036e68,02761515-778b-4e96-8cce-6f7fdaba4e2b
997a3ec13bbab8f2f208005740d7f89ad9831dfe,cfbb2021-2292-4c55-b9b6-2f81a8ca58d9
997a3ec13bbab8f2f208005740d7f89ad9831dfe,65a8f598-0d86-4b70-a3ad-6a3a9715c4e3
3f2e5b88c4b631c931f6db805f4ae3c0b531a8e8,cfbb2021-2292-4c55-b9b6-2f81a8ca58d9
46c0b71ceea130bead6c9120cf6d32b2835db831,c241e8c0-fe1d-4097-979d-2a090733567e
46c0b71ceea130bead6c9120cf6d32b2835db831,bef303ef-4b58-433f-8f44-7f60abefc48f
948fd800ecdd3c99488dde36b41480ca1b8acce3,cfbb2021-2292-4c55-b9b6-2f81a8ca58d9
948fd800ecdd3c99488dde36b41480ca1b8acce3,bef303ef-4b58-433f-8f44-7f60abefc48f
948fd800ecdd3c99488dde36b41480ca1b8acce3,1735a835-72a4-43b3-977b-7dd9c8e923fb
95cd83603a0d2b6918a8e34a5637a8f382da96f5,cfbb2021-2292-4c55-b9b6-2f81a8ca58d9
95cd83603a0d2b6918a8e34a5637a8f382da96f5,bef303ef-4b58-433f-8f44-7f60abefc48f
da692ee969d9c33986196372c3f7cb87fa6b6f8f,cfbb2021-2292-4c55-b9b6-2f81a8ca58d9
da692ee969d9c33986196372c3f7cb87fa6b6f8f,bef303ef-4b58-433f-8f44-7f60abefc48f
98128fd412ebfa90201a276f2c59020ccc696a75,1735a835-72a4-43b3-977b-7dd9c8e923fb
98128fd412ebfa90201a276f2c59020ccc696a75,bef303ef-4b58-433f-8f44-7f60abefc48f
98128fd412ebfa90201a276f2c59020ccc696a75,cfbb2021-2292-4c55-b9b6-2f81a8ca58d9
6e1e6afb314f9c5a24d744252a30aa5efc313571,cfbb2021-2292-4c55-b9b6-2f81a8ca58d9
6e1e6afb314f9c5a24d744252a30aa5efc313571,1735a835-72a4-43b3-977b-7dd9c8e923fb
6e1e6afb314f9c5a24d744252a30aa5efc313571,bef303ef-4b58-433f-8f44-7f60abefc48f
51da1eab2d350b5aa0eeebf83fba7caae3a3bc29,1735a835-72a4-43b3-977b-7dd9c8e923fb
51da1eab2d350b5aa0eeebf83fba7caae3a3bc29,bef303ef-4b58-433f-8f44-7f60abefc48f
0f5c63182b5d40850c741888a89e6c055a3593af,cfbb2021-2292-4c55-b9b6-2f81a8ca58d9
0f5c63182b5d40850c741888a89e6c055a3593af,bef303ef-4b58-433f-8f44-7f60abefc48f
0f5c63182b5d40850c741888a89e6c055a3593af,1735a835-72a4-43b3-977b-7dd9c8e923fb
788b43b7c62b497cf69b31544c6f81c6f4856d42,bef303ef-4b58-433f-8f44-7f60abefc48f
788b43b7c62b497cf69b31544c6f81c6f4856d42,cfbb2021-2292-4c55-b9b6-2f81a8ca58d9
788b43b7c62b497cf69b31544c6f81c6f4856d42,1735a835-72a4-43b3-977b-7dd9c8e923fb
b204970b0503a923359bff532726666f5e0e971b,cfbb2021-2292-4c55-b9b6-2f81a8ca58d9
b204970b0503a923359bff532726666f5e0e971b,bef303ef-4b58-433f-8f44-7f60abefc48f
b204970b0503a923359bff532726666f5e0e971b,1735a835-72a4-43b3-977b-7dd9c8e923fb
93d5369a0be3134c6018373d5290923f3d718815,1735a835-72a4-43b3-977b-7dd9c8e923fb
d2c733e34d48784a37d717fe43d9e93277a8c53e,cfbb2021-2292-4c55-b9b6-2f81a8ca58d9
02613d6e3ecf67ed9ae8ce67a35a92f3986bc4cf,bef303ef-4b58-433f-8f44-7f60abefc48f
02613d6e3ecf67ed9ae8ce67a35a92f3986bc4cf,1735a835-72a4-43b3-977b-7dd9c8e923fb
0e5bccdedb82fbafece8ca71d64b16ff05ec9145,1735a835-72a4-43b3-977b-7dd9c8e923fb
0e5bccdedb82fbafece8ca71d64b16ff05ec9145,cfbb2021-2292-4c55-b9b6-2f81a8ca58d9
0e5bccdedb82fbafece8ca71d64b16ff05ec9145,bef303ef-4b58-433f-8f44-7f60abefc48f
f986968735459e789890f24b6b277b0920a9725d,cfbb2021-2292-4c55-b9b6-2f81a8ca58d9
f986968735459e789890f24b6b277b0920a9725d,bef303ef-4b58-433f-8f44-7f60abefc48f
7f19972754ac0c15329666b3a6efbf569b27d8d5,bef303ef-4b58-433f-8f44-7f60abefc48f
7f19972754ac0c15329666b3a6efbf569b27d8d5,1735a835-72a4-43b3-977b-7dd9c8e923fb
7f19972754ac0c15329666b3a6efbf569b27d8d5,cfbb2021-2292-4c55-b9b6-2f81a8ca58d9
57dfc18815bba1c3737dbc2e5497fd1fc595edb5,1735a835-72a4-43b3-977b-7dd9c8e923fb
57dfc18815bba1c3737dbc2e5497fd1fc595edb5,bef303ef-4b58-433f-8f44-7f60abefc48f
9f7626c7af925b7b69f1ba86ceb916d21bc03dbe,1735a835-72a4-43b3-977b-7dd9c8e923fb
9f7626c7af925b7b69f1ba86ceb916d21bc03dbe,bef303ef-4b58-433f-8f44-7f60abefc48f
16b0744424f02e01fe2f01b3ea03e2862f1359fc,1735a835-72a4-43b3-977b-7dd9c8e923fb
16b0744424f02e01fe2f01b3ea03e2862f1359fc,bef303ef-4b58-433f-8f44-7f60abefc48f
16b0744424f02e01fe2f01b3ea03e2862f1359fc,cfbb2021-2292-4c55-b9b6-2f81a8ca58d9
d87ceda3042f781c341ac17109d1e94a717f5f60,cfbb2021-2292-4c55-b9b6-2f81a8ca58d9
68c03788224000794d5491ab459be0b2a2c38677,cfbb2021-2292-4c55-b9b6-2f81a8ca58d9
80777d42513103bede188b2eebbdce7fb6f91390,cfbb2021-2292-4c55-b9b6-2f81a8ca58d9
80777d42513103bede188b2eebbdce7fb6f91390,bef303ef-4b58-433f-8f44-7f60abefc48f
80777d42513103bede188b2eebbdce7fb6f91390,1735a835-72a4-43b3-977b-7dd9c8e923fb
bbe6e5fcc96e685db714d6aa11ffe6f49567c585,bef303ef-4b58-433f-8f44-7f60abefc48f
3aca912f21d54b3931fa1fdfac0c199c557374a4,bef303ef-4b58-433f-8f44-7f60abefc48f
3aca912f21d54b3931fa1fdfac0c199c557374a4,cfbb2021-2292-4c55-b9b6-2f81a8ca58d9
9dd54cd7ce4ebf2e52b762817c2688b56bb9e652,1735a835-72a4-43b3-977b-7dd9c8e923fb
9dd54cd7ce4ebf2e52b762817c2688b56bb9e652,bef303ef-4b58-433f-8f44-7f60abefc48f
9dd54cd7ce4ebf2e52b762817c2688b56bb9e652,cfbb2021-2292-4c55-b9b6-2f81a8ca58d9
c6b3ca4f939e36a9679a70e14ce8b1bbbc5618f3,cfbb2021-2292-4c55-b9b6-2f81a8ca58d9
e6ce8255f48e3736f0a5fa0d85fb43c700d4f743,60352853-fc5b-4669-bd6f-d93829e49a6c
e6ce8255f48e3736f0a5fa0d85fb43c700d4f743,bef303ef-4b58-433f-8f44-7f60abefc48f
e6ce8255f48e3736f0a5fa0d85fb43c700d4f743,c241e8c0-fe1d-4097-979d-2a090733567e
41abf43dc718e271299457bce65bccfe3feeb9d6,1735a835-72a4-43b3-977b-7dd9c8e923fb
41abf43dc718e271299457bce65bccfe3feeb9d6,cfbb2021-2292-4c55-b9b6-2f81a8ca58d9
41abf43dc718e271299457bce65bccfe3feeb9d6,bef303ef-4b58-433f-8f44-7f60abefc48f
7b1d8dfb9e6260685d9fbb8c41bfc0a35710fe41,cfbb2021-2292-4c55-b9b6-2f81a8ca58d9
7b1d8dfb9e6260685d9fbb8c41bfc0a35710fe41,bef303ef-4b58-433f-8f44-7f60abefc48f
7b1d8dfb9e6260685d9fbb8c41bfc0a35710fe41,1735a835-72a4-43b3-977b-7dd9c8e923fb
1976c9eeccc7115d18a04f1e7fb5145db6b96002,cfbb2021-2292-4c55-b9b6-2f81a8ca58d9
76eb8e5688ee2951e5f04fb14956abf93a890149,1735a835-72a4-43b3-977b-7dd9c8e923fb
76eb8e5688ee2951e5f04fb14956abf93a890149,bef303ef-4b58-433f-8f44-7f60abefc48f
76eb8e5688ee2951e5f04fb14956abf93a890149,cfbb2021-2292-4c55-b9b6-2f81a8ca58d9
cdad2f8ca559f425ab7fa402535354a86b0a370a,bef303ef-4b58-433f-8f44-7f60abefc48f
cdad2f8ca559f425ab7fa402535354a86b0a370a,cfbb2021-2292-4c55-b9b6-2f81a8ca58d9
cdad2f8ca559f425ab7fa402535354a86b0a370a,1735a835-72a4-43b3-977b-7dd9c8e923fb
c07eca9862e0144aa4c0c29c7978caa6eff60e2f,cfbb2021-2292-4c55-b9b6-2f81a8ca58d9
c07eca9862e0144aa4c0c29c7978caa6eff60e2f,bef303ef-4b58-433f-8f44-7f60abefc48f
c07eca9862e0144aa4c0c29c7978caa6eff60e2f,1735a835-72a4-43b3-977b-7dd9c8e923fb
716000409a3a2e2c75801b3d58b9b17b68eeaef7,08d53d44-b348-4b46-b45c-14ff87f69351
80e394ee3e1834091596e8b55c9ad9bf11456e09,1735a835-72a4-43b3-977b-7dd9c8e923fb
6a074a3fa856e86b2e6bc60e83d66cc488090ae9,cfbb2021-2292-4c55-b9b6-2f81a8ca58d9
8c1a1e761b715b23668b4f850e2bcc958fa21ad2,bef303ef-4b58-433f-8f44-7f60abefc48f
8c1a1e761b715b23668b4f850e2bcc958fa21ad2,c241e8c0-fe1d-4097-979d-2a090733567e
8c1a1e761b715b23668b4f850e2bcc958fa21ad2,cfbb2021-2292-4c55-b9b6-2f81a8ca58d9
d7c78b7071ea150346320e5b43a03824263e0fa9,1735a835-72a4-43b3-977b-7dd9c8e923fb
d7c78b7071ea150346320e5b43a03824263e0fa9,cfbb2021-2292-4c55-b9b6-2f81a8ca58d9
d7c78b7071ea150346320e5b43a03824263e0fa9,bef303ef-4b58-433f-8f44-7f60abefc48f
dc52d1ede1b90bf9d296bc5b34c9310b7eaa99a2,01cddb20-31ed-48e1-9f02-0ec3b80b3877
317325439a0ce543d7629848a35adea04b6e7d12,bef303ef-4b58-433f-8f44-7f60abefc48f
317325439a0ce543d7629848a35adea04b6e7d12,cfbb2021-2292-4c55-b9b6-2f81a8ca58d9
317325439a0ce543d7629848a35adea04b6e7d12,1735a835-72a4-43b3-977b-7dd9c8e923fb
ceee6447b291f8052a28c9eb00ca360d6f39f9b1,bef303ef-4b58-433f-8f44-7f60abefc48f
ceee6447b291f8052a28c9eb00ca360d6f39f9b1,cfbb2021-2292-4c55-b9b6-2f81a8ca58d9
ceee6447b291f8052a28c9eb00ca360d6f39f9b1,1735a835-72a4-43b3-977b-7dd9c8e923fb
9667f8264745b626c6173b1310e2ff0298b09cfc,cfbb2021-2292-4c55-b9b6-2f81a8ca58d9
5ef2cf7b7aa6f7e44488d5db5409ef7f76b9ef9a,cfbb2021-2292-4c55-b9b6-2f81a8ca58d9
5ef2cf7b7aa6f7e44488d5db5409ef7f76b9ef9a,bef303ef-4b58-433f-8f44-7f60abefc48f
633f318876c41fed36b3905b8af5fdc27f734615,bef303ef-4b58-433f-8f44-7f60abefc48f
298d799da82395a64a3bda38ef9d2a4646828ccb,cfbb2021-2292-4c55-b9b6-2f81a8ca58d9
298d799da82395a64a3bda38ef9d2a4646828ccb,68457171-0d78-43a6-90dc-ab592f2a06cb
11f647b95a7c9a94c346cd8dc53987105cb0f7c1,bef303ef-4b58-433f-8f44-7f60abefc48f
11f647b95a7c9a94c346cd8dc53987105cb0f7c1,1735a835-72a4-43b3-977b-7dd9c8e923fb
11f647b95a7c9a94c346cd8dc53987105cb0f7c1,cfbb2021-2292-4c55-b9b6-2f81a8ca58d9
b7599c8ba88e7c93edbce57df513152e8f5693e7,1735a835-72a4-43b3-977b-7dd9c8e923fb
b7599c8ba88e7c93edbce57df513152e8f5693e7,bef303ef-4b58-433f-8f44-7f60abefc48f
b7599c8ba88e7c93edbce57df513152e8f5693e7,cfbb2021-2292-4c55-b9b6-2f81a8ca58d9
f80a6ab4b0cfae0d00747f0f41f3e643f22f33ee,cfbb2021-2292-4c55-b9b6-2f81a8ca58d9
f80a6ab4b0cfae0d00747f0f41f3e643f22f33ee,bef303ef-4b58-433f-8f44-7f60abefc48f
4bd970a37c59c97804ff93cbb2c108e081de3a37,cfbb2021-2292-4c55-b9b6-2f81a8ca58d9
d6a5a1e8f56260608d2f7651a2f6aac6a041b57a,1735a835-72a4-43b3-977b-7dd9c8e923fb
d6a5a1e8f56260608d2f7651a2f6aac6a041b57a,cfbb2021-2292-4c55-b9b6-2f81a8ca58d9
d6a5a1e8f56260608d2f7651a2f6aac6a041b57a,bef303ef-4b58-433f-8f44-7f60abefc48f
bb967168ead7a14adcb0121dcf24a930d1a383b3,cfbb2021-2292-4c55-b9b6-2f81a8ca58d9
90bc0ca3feebe0215079cf575b90017170a0089f,bef303ef-4b58-433f-8f44-7f60abefc48f
90bc0ca3feebe0215079cf575b90017170a0089f,1735a835-72a4-43b3-977b-7dd9c8e923fb
90bc0ca3feebe0215079cf575b90017170a0089f,cfbb2021-2292-4c55-b9b6-2f81a8ca58d9
8b3b8848a311c501e704c45c6d50430ab7068956,cfbb2021-2292-4c55-b9b6-2f81a8ca58d9
d364903a626ad70e6ce057209d9b7e004dafd4be,1735a835-72a4-43b3-977b-7dd9c8e923fb
d364903a626ad70e6ce057209d9b7e004dafd4be,cfbb2021-2292-4c55-b9b6-2f81a8ca58d9
d364903a626ad70e6ce057209d9b7e004dafd4be,bef303ef-4b58-433f-8f44-7f60abefc48f
82524ddee00fa0895dfca43995a7ec8bdb16f0d5,cfbb2021-2292-4c55-b9b6-2f81a8ca58d9
62f5ffb09a4c9543509c38f005b9c6eb308c6974,1735a835-72a4-43b3-977b-7dd9c8e923fb
62f5ffb09a4c9543509c38f005b9c6eb308c6974,bef303ef-4b58-433f-8f44-7f60abefc48f
62f5ffb09a4c9543509c38f005b9c6eb308c6974,cfbb2021-2292-4c55-b9b6-2f81a8ca58d9
073df13736ed5407374af2f397bd65560f156dd2,1735a835-72a4-43b3-977b-7dd9c8e923fb
073df13736ed5407374af2f397bd65560f156dd2,bef303ef-4b58-433f-8f44-7f60abefc48f
3b073a5e7de5513705a7e2a7b1c88d3acbeed82c,cfbb2021-2292-4c55-b9b6-2f81a8ca58d9
3b073a5e7de5513705a7e2a7b1c88d3acbeed82c,bef303ef-4b58-433f-8f44-7f60abefc48f
b307d55ba07058d6183991d2d2a81b340d558186,cfbb2021-2292-4c55-b9b6-2f81a8ca58d9
b307d55ba07058d6183991d2d2a81b340d558186,1735a835-72a4-43b3-977b-7dd9c8e923fb
b307d55ba07058d6183991d2d2a81b340d558186,bef303ef-4b58-433f-8f44-7f60abefc48f
092c275005ae49dc1303214f6d02d134457c7053,cfbb2021-2292-4c55-b9b6-2f81a8ca58d9
0e466ea033b982519f351022304dccb64a46b93c,cfbb2021-2292-4c55-b9b6-2f81a8ca58d9
0e466ea033b982519f351022304dccb64a46b93c,bef303ef-4b58-433f-8f44-7f60abefc48f
0e466ea033b982519f351022304dccb64a46b93c,1735a835-72a4-43b3-977b-7dd9c8e923fb
cb56121bc38e0f4b44bcb5296a12038626152e96,1735a835-72a4-43b3-977b-7dd9c8e923fb
cb56121bc38e0f4b44bcb5296a12038626152e96,cfbb2021-2292-4c55-b9b6-2f81a8ca58d9
cb56121bc38e0f4b44bcb5296a12038626152e96,bef303ef-4b58-433f-8f44-7f60abefc48f
6d96f946aaabc734af7fe3fc4454cf8547fcd5ed,cfbb2021-2292-4c55-b9b6-2f81a8ca58d9
d71af418eeb9f5a68062929bae12af74773ffcb2,bef303ef-4b58-433f-8f44-7f60abefc48f
d71af418eeb9f5a68062929bae12af74773ffcb2,cfbb2021-2292-4c55-b9b6-2f81a8ca58d9
d71af418eeb9f5a68062929bae12af74773ffcb2,1735a835-72a4-43b3-977b-7dd9c8e923fb
908091b4a8757c3b2f7d9cfa2c4f616ee12c5157,cfbb2021-2292-4c55-b9b6-2f81a8ca58d9
bc744742f1644c9cab6b9535ab0bd6f2eed320bb,cfbb2021-2292-4c55-b9b6-2f81a8ca58d9
bc744742f1644c9cab6b9535ab0bd6f2eed320bb,1735a835-72a4-43b3-977b-7dd9c8e923fb
bc744742f1644c9cab6b9535ab0bd6f2eed320bb,bef303ef-4b58-433f-8f44-7f60abefc48f
3d1ba71a1c3b7302e12ab3d07bf4a8451db5aad0,cfbb2021-2292-4c55-b9b6-2f81a8ca58d9
3d1ba71a1c3b7302e12ab3d07bf4a8451db5aad0,1735a835-72a4-43b3-977b-7dd9c8e923fb
3d1ba71a1c3b7302e12ab3d07bf4a8451db5aad0,bef303ef-4b58-433f-8f44-7f60abefc48f
61533dd9e41f20e2f5deaf22afb04c94b4071eac,1735a835-72a4-43b3-977b-7dd9c8e923fb
61533dd9e41f20e2f5deaf22afb04c94b4071eac,bef303ef-4b58-433f-8f44-7f60abefc48f
5a2892f91addeea2f4600d28b23e684be32f5b2c,cfbb2021-2292-4c55-b9b6-2f81a8ca58d9
5a2892f91addeea2f4600d28b23e684be32f5b2c,bbc0294d-ad81-4461-b09d-e7399e8dad16
a8db50edfe26a6ae33a6787e2049de5bacd18666,cfbb2021-2292-4c55-b9b6-2f81a8ca58d9
a8db50edfe26a6ae33a6787e2049de5bacd18666,bef303ef-4b58-433f-8f44-7f60abefc48f
a8db50edfe26a6ae33a6787e2049de5bacd18666,1735a835-72a4-43b3-977b-7dd9c8e923fb
fc90bd571818dacf9f19d4198c6e00d948632d2b,cfbb2021-2292-4c55-b9b6-2f81a8ca58d9
fc90bd571818dacf9f19d4198c6e00d948632d2b,bef303ef-4b58-433f-8f44-7f60abefc48f
fc90bd571818dacf9f19d4198c6e00d948632d2b,1735a835-72a4-43b3-977b-7dd9c8e923fb
f8928221d290a9cdd84d1de52e121373bc836caa,1f58c4cb-3416-4b1d-aaa3-4ac6e10acd38
1f53996347086be3bd3a32da0976ba2db7687988,cfbb2021-2292-4c55-b9b6-2f81a8ca58d9
1f53996347086be3bd3a32da0976ba2db7687988,bef303ef-4b58-433f-8f44-7f60abefc48f
1f53996347086be3bd3a32da0976ba2db7687988,1735a835-72a4-43b3-977b-7dd9c8e923fb
072a0db716fb6f8332323f076b71554716a7271c,02761515-778b-4e96-8cce-6f7fdaba4e2b
072a0db716fb6f8332323f076b71554716a7271c,bef303ef-4b58-433f-8f44-7f60abefc48f
e8104b335a4e499f7b79b913a92d23263c82f6b6,02761515-778b-4e96-8cce-6f7fdaba4e2b
e274c1b6e17825feab52de205fd0bc4917d5be6c,c241e8c0-fe1d-4097-979d-2a090733567e
e274c1b6e17825feab52de205fd0bc4917d5be6c,bef303ef-4b58-433f-8f44-7f60abefc48f
288b317e427c6bf4c94d455049bd1368ff2071eb,bef303ef-4b58-433f-8f44-7f60abefc48f
288b317e427c6bf4c94d455049bd1368ff2071eb,cfbb2021-2292-4c55-b9b6-2f81a8ca58d9
288b317e427c6bf4c94d455049bd1368ff2071eb,1735a835-72a4-43b3-977b-7dd9c8e923fb
00bc156bac2b39fab1689fe047b23c9f216d7f29,cfbb2021-2292-4c55-b9b6-2f81a8ca58d9
00bc156bac2b39fab1689fe047b23c9f216d7f29,bef303ef-4b58-433f-8f44-7f60abefc48f
00bc156bac2b39fab1689fe047b23c9f216d7f29,1735a835-72a4-43b3-977b-7dd9c8e923fb
8035e5002b7b0898ca7fa8263d09fe4454c6e4fd,cfbb2021-2292-4c55-b9b6-2f81a8ca58d9
8035e5002b7b0898ca7fa8263d09fe4454c6e4fd,1735a835-72a4-43b3-977b-7dd9c8e923fb
8035e5002b7b0898ca7fa8263d09fe4454c6e4fd,bef303ef-4b58-433f-8f44-7f60abefc48f
e3f2391513693647e0ea87bfa86cd89e468f51d0,cfbb2021-2292-4c55-b9b6-2f81a8ca58d9
dd31f1439a0b80cb9447a112347836b3325e953e,1f58c4cb-3416-4b1d-aaa3-4ac6e10acd38
804836b8ad86ef8042e3dcbd45442a52f031ee03,cfbb2021-2292-4c55-b9b6-2f81a8ca58d9
eb960b5d56ed1368991eaa4f40cb7afee66edb1f,1735a835-72a4-43b3-977b-7dd9c8e923fb
eb960b5d56ed1368991eaa4f40cb7afee66edb1f,bef303ef-4b58-433f-8f44-7f60abefc48f
1cf4a6954b419b5478c96119fc1e79aa90f87dea,02761515-778b-4e96-8cce-6f7fdaba4e2b
1cf4a6954b419b5478c96119fc1e79aa90f87dea,bef303ef-4b58-433f-8f44-7f60abefc48f
41e2692d9ac1434d1841d5a29e7ccb927b82b677,bef303ef-4b58-433f-8f44-7f60abefc48f
41e2692d9ac1434d1841d5a29e7ccb927b82b677,cfbb2021-2292-4c55-b9b6-2f81a8ca58d9
41e2692d9ac1434d1841d5a29e7ccb927b82b677,1735a835-72a4-43b3-977b-7dd9c8e923fb
8c8b7c1adb6f077bb3045928767b8bc6763e0c06,1735a835-72a4-43b3-977b-7dd9c8e923fb
8c8b7c1adb6f077bb3045928767b8bc6763e0c06,cfbb2021-2292-4c55-b9b6-2f81a8ca58d9
8c8b7c1adb6f077bb3045928767b8bc6763e0c06,bef303ef-4b58-433f-8f44-7f60abefc48f
a1b62db5c838df5630b1c238d4862dc69bdbc874,bef303ef-4b58-433f-8f44-7f60abefc48f
a1b62db5c838df5630b1c238d4862dc69bdbc874,cfbb2021-2292-4c55-b9b6-2f81a8ca58d9
68e3ccd3e8f24ad1a15caaddd99178edbf17f8b9,cfbb2021-2292-4c55-b9b6-2f81a8ca58d9
68e3ccd3e8f24ad1a15caaddd99178edbf17f8b9,bef303ef-4b58-433f-8f44-7f60abefc48f
68e3ccd3e8f24ad1a15caaddd99178edbf17f8b9,1735a835-72a4-43b3-977b-7dd9c8e923fb
aca92bbbe7ebc8b6b0f272aca209ac5a027222bd,cfbb2021-2292-4c55-b9b6-2f81a8ca58d9
aca92bbbe7ebc8b6b0f272aca209ac5a027222bd,1735a835-72a4-43b3-977b-7dd9c8e923fb
aca92bbbe7ebc8b6b0f272aca209ac5a027222bd,bef303ef-4b58-433f-8f44-7f60abefc48f
f3c56ba45b39ec915477a19779cfc5090be09a73,cfbb2021-2292-4c55-b9b6-2f81a8ca58d9
f3c56ba45b39ec915477a19779cfc5090be09a73,bef303ef-4b58-433f-8f44-7f60abefc48f
2c0aaeb420e1cd2d767a1797b2ded62e0d2ee426,1735a835-72a4-43b3-977b-7dd9c8e923fb
2c0aaeb420e1cd2d767a1797b2ded62e0d2ee426,bef303ef-4b58-433f-8f44-7f60abefc48f
dc8b25e35a3acb812beb499844734081722319b4,cfbb2021-2292-4c55-b9b6-2f81a8ca58d9
73a254f05fa694dc11a5efc5a033a8f1a4c84fd0,cfbb2021-2292-4c55-b9b6-2f81a8ca58d9
73a254f05fa694dc11a5efc5a033a8f1a4c84fd0,bef303ef-4b58-433f-8f44-7f60abefc48f
12d8a9991ee7aecc65bc0991959c5b58a367b2ae,bef303ef-4b58-433f-8f44-7f60abefc48f
12d8a9991ee7aecc65bc0991959c5b58a367b2ae,cfbb2021-2292-4c55-b9b6-2f81a8ca58d9
12d8a9991ee7aecc65bc0991959c5b58a367b2ae,1735a835-72a4-43b3-977b-7dd9c8e923fb
5cf0d213f3253cd46673d955209f8463db73cc51,cfbb2021-2292-4c55-b9b6-2f81a8ca58d9
ba90ae48b30594b57a5ca7bfd37cae150458ecfa,1735a835-72a4-43b3-977b-7dd9c8e923fb
ba90ae48b30594b57a5ca7bfd37cae150458ecfa,cfbb2021-2292-4c55-b9b6-2f81a8ca58d9
ba90ae48b30594b57a5ca7bfd37cae150458ecfa,bef303ef-4b58-433f-8f44-7f60abefc48f
26c075104d0ea1177cce4bd2d5c5d9eef93b8a3b,1735a835-72a4-43b3-977b-7dd9c8e923fb
26c075104d0ea1177cce4bd2d5c5d9eef93b8a3b,cfbb2021-2292-4c55-b9b6-2f81a8ca58d9
26c075104d0ea1177cce4bd2d5c5d9eef93b8a3b,bef303ef-4b58-433f-8f44-7f60abefc48f
2157f202c8c89d924dd4da4d1bcf92d16fcd8893,cfbb2021-2292-4c55-b9b6-2f81a8ca58d9
439a453090e28f0858ad5ba0765cc2eeffb23626,f988f246-bfe3-4e93-ab7e-aeafbcd02ff3
3765df816dc5a061bc261e190acc8bdd9d47bec0,bbc0294d-ad81-4461-b09d-e7399e8dad16
